Workbook
Name list_Category: Working_Calculations!$P$2:$P$22
Name list_County: Working_Calculations!$R$2:$R$60
Name list_Gender: Working_Calculations!$O$2:$O$6
Name list_Mode: Working_Calculations!$N$2:$N$7
Name list_Month: Working_Calculations!$Q$2:$Q$5
Name Sel_Category: Dashboard!$B$35
Name Sel_County: Dashboard!$B$41
Name Sel_Gender: Dashboard!$B$32
Name Sel_Mode: Dashboard!$B$29
Name Sel_Month: Dashboard!$B$38
Name wk_DeliveryGroup: Working_Calculations!$G$2:$G$2401
Name wk_Flag: Working_Calculations!$I$2:$I$2401
Name wk_Month: Working_Calculations!$C$2:$C$2401
Name wk_RatingGroup: Working_Calculations!$F$2:$F$2401

Sheet Dashboard
E2: Ecommerce Sales & Orders Dashboard
E3: ="Filters > Mode: "&Sel_Mode&" | Gender: "&Sel_Gender&" | Category: "&Sel_Category&" | Month: "&Sel_Month&" | County: "&Sel_County -> Filters > Mode: All | Gender: All | Category: All | Month: All | County: All
E5: Sales & Quantity Trend (weekly) | S5: Gender Contribution
B6: 🛒 TOTAL ORDERS | E6: Trend in the last 13 weeks - quantity (left axis) vs sales amount (right axis) | S6: Overall gender split - share of orders
B7: =Pivot_Calculations!C7 -> 2400
B10: 👕 TOTAL QUANTITY
B11: =Pivot_Calculations!C8 -> 11997
B14: 💰 TOTAL SALES AMOUNT
B15: =Pivot_Calculations!C9 -> 649019.8
B18: ⭐ AVERAGE RATING
B19: =Pivot_Calculations!C10 -> 3.9620833
B22: 📅 AVG DAYS TO DELIVER | E22: Channel Performance by Gender | L22: Monthly Channel Performance | S22: Rating Distribution
B23: =Pivot_Calculations!C11 -> 2.3425 | E23: How our customers like to buy - share of total sales (blue = higher, red = lower) | L23: Sales amount by month and order channel | S23: How happy are our customers? Orders by rating
E25: Channel | G25: Female | H25: Male | I25: Other | J25: Unknown
E26: =Pivot_Calculations!A42 -> App | G26: =Pivot_Calculations!B42 -> 0.18961825 | H26: =Pivot_Calculations!C42 -> 0.12262322 | I26: =Pivot_Calculations!D42 -> 0.010605378 | J26: =Pivot_Calculations!E42 -> 0.030599221
B27: FILTERS (pick from dropdowns)
B28: Order Mode / Channel | E28: =Pivot_Calculations!A43 -> Instagram | G28: =Pivot_Calculations!B43 -> 0.050283982 | H28: =Pivot_Calculations!C43 -> 0.043060782 | I28: =Pivot_Calculations!D43 -> 0.0015320026 | J28: =Pivot_Calculations!E43 -> 0.017794989
B29: All
E30: =Pivot_Calculations!A44 -> Partner App | G30: =Pivot_Calculations!B44 -> 0.06349606 | H30: =Pivot_Calculations!C44 -> 0.04607163 | I30: =Pivot_Calculations!D44 -> 0.0023062471 | J30: =Pivot_Calculations!E44 -> 0.0038927934
B31: Gender
B32: All | E32: =Pivot_Calculations!A45 -> Target.com | G32: =Pivot_Calculations!B45 -> 0.096337893 | H32: =Pivot_Calculations!C45 -> 0.067920116 | I32: =Pivot_Calculations!D45 -> 0.0054979833 | J32: =Pivot_Calculations!E45 -> 0.012933041
B34: Product Category | E34: =Pivot_Calculations!A46 -> Website | G34: =Pivot_Calculations!B46 -> 0.12522099 | H34: =Pivot_Calculations!C46 -> 0.09149274 | I34: =Pivot_Calculations!D46 -> 0.0063042761 | J34: =Pivot_Calculations!E46 -> 0.012408404
B35: All
E36: Cell = channel/gender sales / total filtered sales
B37: Month
B38: All
E39: Product Category Performance | L39: County-wise Quantity Distribution | S39: Delivery Days Analysis
B40: County (State has 1 value) | E40: Which products are popular? Sales by gender, high to low | L40: Where do our customers live? Top 10 counties by quantity | S40: How long we take to ship - orders by days to deliver
B41: All
B44: Set every filter to "All" to reset.
E61: Source: Data sheet (orders table). All numbers recalculate from Pivot_Calculations and respond to the dropdown filters on the left. Data covers one state (California), so the map is a county bar chart. Logic: Working_Calculations, Formula_Guide.

Sheet Pivot_Calculations
A1: PIVOT_CALCULATIONS - formula-driven pivot tables (one per chart)
A2: Every table is a SUMIFS/COUNTIFS "pivot" over the Data table, restricted to Filter Flag = 1 (dashboard dropdowns). Blue = typed labels, black = formulas.
A4: 1. KPI Pivot
A5: Equivalent PivotTable: Values = Count of TX ID, Sum of Quantity, Sum of Amount, Average of Rating, Average of Days to Deliver | Filters = slicers
A6: Metric | B6: All data (spec formula) | C6: Filtered (dashboard)
A7: Total Orders | B7: =COUNTA(orders[TX ID]) -> 2400 | C7: =COUNTIFS(wk_Flag,1) -> 2400
A8: Total Quantity | B8: =SUM(orders[Quantity]) -> 11997 | C8: =SUMIFS(orders[Quantity],wk_Flag,1) -> 11997
A9: Total Sales Amount | B9: =SUM(orders[Amount]) -> 649019.8 | C9: =SUMIFS(orders[Amount],wk_Flag,1) -> 649019.8
A10: Average Rating | B10: =AVERAGE(orders[Rating C]) -> 3.9620833 | C10: =IFERROR(AVERAGEIFS(orders[Rating C],wk_Flag,1),0) -> 3.9620833
A11: Avg Days to Deliver | B11: =AVERAGE(orders[Days to Deliver]) -> 2.3425 | C11: =IFERROR(AVERAGEIFS(orders[Days to Deliver],wk_Flag,1),0) -> 2.3425
A14: 2. Sales Trend Pivot (weekly)
A15: Week # | B15: Week starts | C15: Orders | D15: Quantity | E15: Amount ($)
A16: 1 | B16: =TEXT(_xlfn.MINIFS(orders[Order Date],orders[Weeknum],A16),"d mmm") -> 1 Jan | C16: =COUNTIFS(orders[Weeknum],$A16,wk_Flag,1) -> 101 | D16: =SUMIFS(orders[Quantity],orders[Weeknum],$A16,wk_Flag,1) -> 546 | E16: =SUMIFS(orders[Amount],orders[Weeknum],$A16,wk_Flag,1) -> 32413.3
A17: 2 | B17: =TEXT(_xlfn.MINIFS(orders[Order Date],orders[Weeknum],A17),"d mmm") -> 5 Jan | C17: =COUNTIFS(orders[Weeknum],$A17,wk_Flag,1) -> 155 | D17: =SUMIFS(orders[Quantity],orders[Weeknum],$A17,wk_Flag,1) -> 905 | E17: =SUMIFS(orders[Amount],orders[Weeknum],$A17,wk_Flag,1) -> 49563
A18: 3 | B18: =TEXT(_xlfn.MINIFS(orders[Order Date],orders[Weeknum],A18),"d mmm") -> 12 Jan | C18: =COUNTIFS(orders[Weeknum],$A18,wk_Flag,1) -> 151 | D18: =SUMIFS(orders[Quantity],orders[Weeknum],$A18,wk_Flag,1) -> 796 | E18: =SUMIFS(orders[Amount],orders[Weeknum],$A18,wk_Flag,1) -> 41700.4
A19: 4 | B19: =TEXT(_xlfn.MINIFS(orders[Order Date],orders[Weeknum],A19),"d mmm") -> 19 Jan | C19: =COUNTIFS(orders[Weeknum],$A19,wk_Flag,1) -> 175 | D19: =SUMIFS(orders[Quantity],orders[Weeknum],$A19,wk_Flag,1) -> 913 | E19: =SUMIFS(orders[Amount],orders[Weeknum],$A19,wk_Flag,1) -> 46782.6
A20: 5 | B20: =TEXT(_xlfn.MINIFS(orders[Order Date],orders[Weeknum],A20),"d mmm") -> 26 Jan | C20: =COUNTIFS(orders[Weeknum],$A20,wk_Flag,1) -> 162 | D20: =SUMIFS(orders[Quantity],orders[Weeknum],$A20,wk_Flag,1) -> 844 | E20: =SUMIFS(orders[Amount],orders[Weeknum],$A20,wk_Flag,1) -> 42676.1
A21: 6 | B21: =TEXT(_xlfn.MINIFS(orders[Order Date],orders[Weeknum],A21),"d mmm") -> 2 Feb | C21: =COUNTIFS(orders[Weeknum],$A21,wk_Flag,1) -> 240 | D21: =SUMIFS(orders[Quantity],orders[Weeknum],$A21,wk_Flag,1) -> 1202 | E21: =SUMIFS(orders[Amount],orders[Weeknum],$A21,wk_Flag,1) -> 62910.7
A22: 7 | B22: =TEXT(_xlfn.MINIFS(orders[Order Date],orders[Weeknum],A22),"d mmm") -> 9 Feb | C22: =COUNTIFS(orders[Weeknum],$A22,wk_Flag,1) -> 191 | D22: =SUMIFS(orders[Quantity],orders[Weeknum],$A22,wk_Flag,1) -> 935 | E22: =SUMIFS(orders[Amount],orders[Weeknum],$A22,wk_Flag,1) -> 50332.2
A23: 8 | B23: =TEXT(_xlfn.MINIFS(orders[Order Date],orders[Weeknum],A23),"d mmm") -> 16 Feb | C23: =COUNTIFS(orders[Weeknum],$A23,wk_Flag,1) -> 236 | D23: =SUMIFS(orders[Quantity],orders[Weeknum],$A23,wk_Flag,1) -> 1128 | E23: =SUMIFS(orders[Amount],orders[Weeknum],$A23,wk_Flag,1) -> 58760.6
A24: 9 | B24: =TEXT(_xlfn.MINIFS(orders[Order Date],orders[Weeknum],A24),"d mmm") -> 23 Feb | C24: =COUNTIFS(orders[Weeknum],$A24,wk_Flag,1) -> 202 | D24: =SUMIFS(orders[Quantity],orders[Weeknum],$A24,wk_Flag,1) -> 1007 | E24: =SUMIFS(orders[Amount],orders[Weeknum],$A24,wk_Flag,1) -> 52017.3
A25: 10 | B25: =TEXT(_xlfn.MINIFS(orders[Order Date],orders[Weeknum],A25),"d mmm") -> 2 Mar | C25: =COUNTIFS(orders[Weeknum],$A25,wk_Flag,1) -> 214 | D25: =SUMIFS(orders[Quantity],orders[Weeknum],$A25,wk_Flag,1) -> 1128 | E25: =SUMIFS(orders[Amount],orders[Weeknum],$A25,wk_Flag,1) -> 64915.7
A26: 11 | B26: =TEXT(_xlfn.MINIFS(orders[Order Date],orders[Weeknum],A26),"d mmm") -> 9 Mar | C26: =COUNTIFS(orders[Weeknum],$A26,wk_Flag,1) -> 189 | D26: =SUMIFS(orders[Quantity],orders[Weeknum],$A26,wk_Flag,1) -> 861 | E26: =SUMIFS(orders[Amount],orders[Weeknum],$A26,wk_Flag,1) -> 45943.8
A27: 12 | B27: =TEXT(_xlfn.MINIFS(orders[Order Date],orders[Weeknum],A27),"d mmm") -> 16 Mar | C27: =COUNTIFS(orders[Weeknum],$A27,wk_Flag,1) -> 200 | D27: =SUMIFS(orders[Quantity],orders[Weeknum],$A27,wk_Flag,1) -> 944 | E27: =SUMIFS(orders[Amount],orders[Weeknum],$A27,wk_Flag,1) -> 55077.9
A28: 13 | B28: =TEXT(_xlfn.MINIFS(orders[Order Date],orders[Weeknum],A28),"d mmm") -> 23 Mar | C28: =COUNTIFS(orders[Weeknum],$A28,wk_Flag,1) -> 184 | D28: =SUMIFS(orders[Quantity],orders[Weeknum],$A28,wk_Flag,1) -> 788 | E28: =SUMIFS(orders[Amount],orders[Weeknum],$A28,wk_Flag,1) -> 45926.2
A31: 3. Channel vs Gender Pivot
A32: Equivalent PivotTable: Rows = Order Mode | Columns = Gender Value | Values = Sum of Amount (second block: % of grand total)
A33: Sales ($) | B33: Female | C33: Male | D33: Other | E33: Unknown | F33: Total
A34: App | B34: =SUMIFS(orders[Amount],orders[Order Mode],$A34,orders[Gender Value],B$33,wk_Flag,1) -> 123066 | C34: =SUMIFS(orders[Amount],orders[Order Mode],$A34,orders[Gender Value],C$33,wk_Flag,1) -> 79584.9 | D34: =SUMIFS(orders[Amount],orders[Order Mode],$A34,orders[Gender Value],D$33,wk_Flag,1) -> 6883.1 | E34: =SUMIFS(orders[Amount],orders[Order Mode],$A34,orders[Gender Value],E$33,wk_Flag,1) -> 19859.5 | F34: =SUM(B34:E34) -> 229393.5
A35: Instagram | B35: =SUMIFS(orders[Amount],orders[Order Mode],$A35,orders[Gender Value],B$33,wk_Flag,1) -> 32635.3 | C35: =SUMIFS(orders[Amount],orders[Order Mode],$A35,orders[Gender Value],C$33,wk_Flag,1) -> 27947.3 | D35: =SUMIFS(orders[Amount],orders[Order Mode],$A35,orders[Gender Value],D$33,wk_Flag,1) -> 994.3 | E35: =SUMIFS(orders[Amount],orders[Order Mode],$A35,orders[Gender Value],E$33,wk_Flag,1) -> 11549.3 | F35: =SUM(B35:E35) -> 73126.2
A36: Partner App | B36: =SUMIFS(orders[Amount],orders[Order Mode],$A36,orders[Gender Value],B$33,wk_Flag,1) -> 41210.2 | C36: =SUMIFS(orders[Amount],orders[Order Mode],$A36,orders[Gender Value],C$33,wk_Flag,1) -> 29901.4 | D36: =SUMIFS(orders[Amount],orders[Order Mode],$A36,orders[Gender Value],D$33,wk_Flag,1) -> 1496.8 | E36: =SUMIFS(orders[Amount],orders[Order Mode],$A36,orders[Gender Value],E$33,wk_Flag,1) -> 2526.5 | F36: =SUM(B36:E36) -> 75134.9
A37: Target.com | B37: =SUMIFS(orders[Amount],orders[Order Mode],$A37,orders[Gender Value],B$33,wk_Flag,1) -> 62525.2 | C37: =SUMIFS(orders[Amount],orders[Order Mode],$A37,orders[Gender Value],C$33,wk_Flag,1) -> 44081.5 | D37: =SUMIFS(orders[Amount],orders[Order Mode],$A37,orders[Gender Value],D$33,wk_Flag,1) -> 3568.3 | E37: =SUMIFS(orders[Amount],orders[Order Mode],$A37,orders[Gender Value],E$33,wk_Flag,1) -> 8393.8 | F37: =SUM(B37:E37) -> 118568.8
A38: Website | B38: =SUMIFS(orders[Amount],orders[Order Mode],$A38,orders[Gender Value],B$33,wk_Flag,1) -> 81270.9 | C38: =SUMIFS(orders[Amount],orders[Order Mode],$A38,orders[Gender Value],C$33,wk_Flag,1) -> 59380.6 | D38: =SUMIFS(orders[Amount],orders[Order Mode],$A38,orders[Gender Value],D$33,wk_Flag,1) -> 4091.6 | E38: =SUMIFS(orders[Amount],orders[Order Mode],$A38,orders[Gender Value],E$33,wk_Flag,1) -> 8053.3 | F38: =SUM(B38:E38) -> 152796.4
A39: Total | B39: =SUM(B34:B38) -> 340707.6 | C39: =SUM(C34:C38) -> 240895.7 | D39: =SUM(D34:D38) -> 17034.1 | E39: =SUM(E34:E38) -> 50382.4 | F39: =SUM(F34:F38) -> 649019.8
A41: % of total sales | B41: Female | C41: Male | D41: Other | E41: Unknown | F41: Total
A42: =A34 -> App | B42: =IFERROR(B34/$F$39,0) -> 0.18961825 | C42: =IFERROR(C34/$F$39,0) -> 0.12262322 | D42: =IFERROR(D34/$F$39,0) -> 0.010605378 | E42: =IFERROR(E34/$F$39,0) -> 0.030599221 | F42: =IFERROR(F34/$F$39,0) -> 0.35344607
A43: =A35 -> Instagram | B43: =IFERROR(B35/$F$39,0) -> 0.050283982 | C43: =IFERROR(C35/$F$39,0) -> 0.043060782 | D43: =IFERROR(D35/$F$39,0) -> 0.0015320026 | E43: =IFERROR(E35/$F$39,0) -> 0.017794989 | F43: =IFERROR(F35/$F$39,0) -> 0.11267176
A44: =A36 -> Partner App | B44: =IFERROR(B36/$F$39,0) -> 0.06349606 | C44: =IFERROR(C36/$F$39,0) -> 0.04607163 | D44: =IFERROR(D36/$F$39,0) -> 0.0023062471 | E44: =IFERROR(E36/$F$39,0) -> 0.0038927934 | F44: =IFERROR(F36/$F$39,0) -> 0.11576673
A45: =A37 -> Target.com | B45: =IFERROR(B37/$F$39,0) -> 0.096337893 | C45: =IFERROR(C37/$F$39,0) -> 0.067920116 | D45: =IFERROR(D37/$F$39,0) -> 0.0054979833 | E45: =IFERROR(E37/$F$39,0) -> 0.012933041 | F45: =IFERROR(F37/$F$39,0) -> 0.18268903
A46: =A38 -> Website | B46: =IFERROR(B38/$F$39,0) -> 0.12522099 | C46: =IFERROR(C38/$F$39,0) -> 0.09149274 | D46: =IFERROR(D38/$F$39,0) -> 0.0063042761 | E46: =IFERROR(E38/$F$39,0) -> 0.012408404 | F46: =IFERROR(F38/$F$39,0) -> 0.23542641
A49: 4. Rating Distribution Pivot
A50: Equivalent PivotTable: Rows = Rating C | Values = Count of TX ID. Ratings in this dataset only run 1-5; the 6-10 / >10 rows exist for completeness (they are 0).
A51: Rating | B51: Orders
A52: 1 | B52: =COUNTIFS(orders[Rating C],A52,wk_Flag,1) -> 21
A53: 2 | B53: =COUNTIFS(orders[Rating C],A53,wk_Flag,1) -> 127
A54: 3 | B54: =COUNTIFS(orders[Rating C],A54,wk_Flag,1) -> 495
A55: 4 | B55: =COUNTIFS(orders[Rating C],A55,wk_Flag,1) -> 1036
A56: 5 | B56: =COUNTIFS(orders[Rating C],A56,wk_Flag,1) -> 721
A57: 6 TO 10 | B57: =COUNTIFS(wk_RatingGroup,A57,wk_Flag,1) -> 0
A58: More than 10 | B58: =COUNTIFS(wk_RatingGroup,A58,wk_Flag,1) -> 0
A61: 5. Product Category Pivot
A62: Equivalent PivotTable: Rows = Product | Columns = Gender Value | Values = Sum of Quantity, Sum of Amount. Table A is unsorted; Table B sorts by Amount using RANK + INDEX/MATCH.
A63: A) Product | B63: Quantity | C63: Amount ($) | D63: Female | E63: Male | F63: Other | G63: Unknown | H63: Rank
A64: Baseball Caps | B64: =SUMIFS(orders[Quantity],orders[Product],$A64,wk_Flag,1) -> 147 | C64: =SUMIFS(orders[Amount],orders[Product],$A64,wk_Flag,1) -> 4597 | D64: =SUMIFS(orders[Amount],orders[Product],$A64,orders[Gender Value],D$63,wk_Flag,1) -> 1235.3 | E64: =SUMIFS(orders[Amount],orders[Product],$A64,orders[Gender Value],E$63,wk_Flag,1) -> 2420.7 | F64: =SUMIFS(orders[Amount],orders[Product],$A64,orders[Gender Value],F$63,wk_Flag,1) -> 828.8 | G64: =SUMIFS(orders[Amount],orders[Product],$A64,orders[Gender Value],G$63,wk_Flag,1) -> 112.2 | H64: =RANK(C64,$C$64:$C$83,0)+COUNTIF($C$64:C64,C64)-1 -> 19
A65: Bikinis | B65: =SUMIFS(orders[Quantity],orders[Product],$A65,wk_Flag,1) -> 807 | C65: =SUMIFS(orders[Amount],orders[Product],$A65,wk_Flag,1) -> 30836.8 | D65: =SUMIFS(orders[Amount],orders[Product],$A65,orders[Gender Value],D$63,wk_Flag,1) -> 18259.3 | E65: =SUMIFS(orders[Amount],orders[Product],$A65,orders[Gender Value],E$63,wk_Flag,1) -> 11586.3 | F65: =SUMIFS(orders[Amount],orders[Product],$A65,orders[Gender Value],F$63,wk_Flag,1) -> 216.8 | G65: =SUMIFS(orders[Amount],orders[Product],$A65,orders[Gender Value],G$63,wk_Flag,1) -> 774.4 | H65: =RANK(C65,$C$64:$C$83,0)+COUNTIF($C$64:C65,C65)-1 -> 8
A66: Casual Dresses | B66: =SUMIFS(orders[Quantity],orders[Product],$A66,wk_Flag,1) -> 370 | C66: =SUMIFS(orders[Amount],orders[Product],$A66,wk_Flag,1) -> 24664.6 | D66: =SUMIFS(orders[Amount],orders[Product],$A66,orders[Gender Value],D$63,wk_Flag,1) -> 15491.4 | E66: =SUMIFS(orders[Amount],orders[Product],$A66,orders[Gender Value],E$63,wk_Flag,1) -> 6208.1 | F66: =SUMIFS(orders[Amount],orders[Product],$A66,orders[Gender Value],F$63,wk_Flag,1) -> 1415.4 | G66: =SUMIFS(orders[Amount],orders[Product],$A66,orders[Gender Value],G$63,wk_Flag,1) -> 1549.7 | H66: =RANK(C66,$C$64:$C$83,0)+COUNTIF($C$64:C66,C66)-1 -> 10
A67: Crop Tops | B67: =SUMIFS(orders[Quantity],orders[Product],$A67,wk_Flag,1) -> 437 | C67: =SUMIFS(orders[Amount],orders[Product],$A67,wk_Flag,1) -> 20170.4 | D67: =SUMIFS(orders[Amount],orders[Product],$A67,orders[Gender Value],D$63,wk_Flag,1) -> 7255.3 | E67: =SUMIFS(orders[Amount],orders[Product],$A67,orders[Gender Value],E$63,wk_Flag,1) -> 11228.9 | F67: =SUMIFS(orders[Amount],orders[Product],$A67,orders[Gender Value],F$63,wk_Flag,1) -> 1310.3 | G67: =SUMIFS(orders[Amount],orders[Product],$A67,orders[Gender Value],G$63,wk_Flag,1) -> 375.9 | H67: =RANK(C67,$C$64:$C$83,0)+COUNTIF($C$64:C67,C67)-1 -> 12
A68: Graphic Tees | B68: =SUMIFS(orders[Quantity],orders[Product],$A68,wk_Flag,1) -> 647 | C68: =SUMIFS(orders[Amount],orders[Product],$A68,wk_Flag,1) -> 22988.6 | D68: =SUMIFS(orders[Amount],orders[Product],$A68,orders[Gender Value],D$63,wk_Flag,1) -> 15090 | E68: =SUMIFS(orders[Amount],orders[Product],$A68,orders[Gender Value],E$63,wk_Flag,1) -> 6977.3 | F68: =SUMIFS(orders[Amount],orders[Product],$A68,orders[Gender Value],F$63,wk_Flag,1) -> 537.7 | G68: =SUMIFS(orders[Amount],orders[Product],$A68,orders[Gender Value],G$63,wk_Flag,1) -> 383.6 | H68: =RANK(C68,$C$64:$C$83,0)+COUNTIF($C$64:C68,C68)-1 -> 11
A69: Hoodies & Sweatshirts | B69: =SUMIFS(orders[Quantity],orders[Product],$A69,wk_Flag,1) -> 606 | C69: =SUMIFS(orders[Amount],orders[Product],$A69,wk_Flag,1) -> 35240.5 | D69: =SUMIFS(orders[Amount],orders[Product],$A69,orders[Gender Value],D$63,wk_Flag,1) -> 15958.1 | E69: =SUMIFS(orders[Amount],orders[Product],$A69,orders[Gender Value],E$63,wk_Flag,1) -> 17923.5 | F69: =SUMIFS(orders[Amount],orders[Product],$A69,orders[Gender Value],F$63,wk_Flag,1) -> 894 | G69: =SUMIFS(orders[Amount],orders[Product],$A69,orders[Gender Value],G$63,wk_Flag,1) -> 464.9 | H69: =RANK(C69,$C$64:$C$83,0)+COUNTIF($C$64:C69,C69)-1 -> 5
A70: Jeans | B70: =SUMIFS(orders[Quantity],orders[Product],$A70,wk_Flag,1) -> 1546 | C70: =SUMIFS(orders[Amount],orders[Product],$A70,wk_Flag,1) -> 112893.2 | D70: =SUMIFS(orders[Amount],orders[Product],$A70,orders[Gender Value],D$63,wk_Flag,1) -> 51517.7 | E70: =SUMIFS(orders[Amount],orders[Product],$A70,orders[Gender Value],E$63,wk_Flag,1) -> 42448.8 | F70: =SUMIFS(orders[Amount],orders[Product],$A70,orders[Gender Value],F$63,wk_Flag,1) -> 1788.7 | G70: =SUMIFS(orders[Amount],orders[Product],$A70,orders[Gender Value],G$63,wk_Flag,1) -> 17138 | H70: =RANK(C70,$C$64:$C$83,0)+COUNTIF($C$64:C70,C70)-1 -> 2
A71: Jewelry | B71: =SUMIFS(orders[Quantity],orders[Product],$A71,wk_Flag,1) -> 65 | C71: =SUMIFS(orders[Amount],orders[Product],$A71,wk_Flag,1) -> 1906.4 | D71: =SUMIFS(orders[Amount],orders[Product],$A71,orders[Gender Value],D$63,wk_Flag,1) -> 426.2 | E71: =SUMIFS(orders[Amount],orders[Product],$A71,orders[Gender Value],E$63,wk_Flag,1) -> 1393.4 | F71: =SUMIFS(orders[Amount],orders[Product],$A71,orders[Gender Value],F$63,wk_Flag,1) -> 86.8 | G71: =SUMIFS(orders[Amount],orders[Product],$A71,orders[Gender Value],G$63,wk_Flag,1) -> 0 | H71: =RANK(C71,$C$64:$C$83,0)+COUNTIF($C$64:C71,C71)-1 -> 20
A72: Leggings | B72: =SUMIFS(orders[Quantity],orders[Product],$A72,wk_Flag,1) -> 398 | C72: =SUMIFS(orders[Amount],orders[Product],$A72,wk_Flag,1) -> 25206.5 | D72: =SUMIFS(orders[Amount],orders[Product],$A72,orders[Gender Value],D$63,wk_Flag,1) -> 14225.5 | E72: =SUMIFS(orders[Amount],orders[Product],$A72,orders[Gender Value],E$63,wk_Flag,1) -> 8705.9 | F72: =SUMIFS(orders[Amount],orders[Product],$A72,orders[Gender Value],F$63,wk_Flag,1) -> 606.8 | G72: =SUMIFS(orders[Amount],orders[Product],$A72,orders[Gender Value],G$63,wk_Flag,1) -> 1668.3 | H72: =RANK(C72,$C$64:$C$83,0)+COUNTIF($C$64:C72,C72)-1 -> 9
A73: Maxi Dresses | B73: =SUMIFS(orders[Quantity],orders[Product],$A73,wk_Flag,1) -> 258 | C73: =SUMIFS(orders[Amount],orders[Product],$A73,wk_Flag,1) -> 11025.2 | D73: =SUMIFS(orders[Amount],orders[Product],$A73,orders[Gender Value],D$63,wk_Flag,1) -> 7367.1 | E73: =SUMIFS(orders[Amount],orders[Product],$A73,orders[Gender Value],E$63,wk_Flag,1) -> 3362.3 | F73: =SUMIFS(orders[Amount],orders[Product],$A73,orders[Gender Value],F$63,wk_Flag,1) -> 295.8 | G73: =SUMIFS(orders[Amount],orders[Product],$A73,orders[Gender Value],G$63,wk_Flag,1) -> 0 | H73: =RANK(C73,$C$64:$C$83,0)+COUNTIF($C$64:C73,C73)-1 -> 16
A74: Pajama Sets | B74: =SUMIFS(orders[Quantity],orders[Product],$A74,wk_Flag,1) -> 270 | C74: =SUMIFS(orders[Amount],orders[Product],$A74,wk_Flag,1) -> 11263.6 | D74: =SUMIFS(orders[Amount],orders[Product],$A74,orders[Gender Value],D$63,wk_Flag,1) -> 4965.8 | E74: =SUMIFS(orders[Amount],orders[Product],$A74,orders[Gender Value],E$63,wk_Flag,1) -> 4991 | F74: =SUMIFS(orders[Amount],orders[Product],$A74,orders[Gender Value],F$63,wk_Flag,1) -> 670.8 | G74: =SUMIFS(orders[Amount],orders[Product],$A74,orders[Gender Value],G$63,wk_Flag,1) -> 636 | H74: =RANK(C74,$C$64:$C$83,0)+COUNTIF($C$64:C74,C74)-1 -> 15
A75: Sandals | B75: =SUMIFS(orders[Quantity],orders[Product],$A75,wk_Flag,1) -> 603 | C75: =SUMIFS(orders[Amount],orders[Product],$A75,wk_Flag,1) -> 31608.1 | D75: =SUMIFS(orders[Amount],orders[Product],$A75,orders[Gender Value],D$63,wk_Flag,1) -> 16244.9 | E75: =SUMIFS(orders[Amount],orders[Product],$A75,orders[Gender Value],E$63,wk_Flag,1) -> 13832 | F75: =SUMIFS(orders[Amount],orders[Product],$A75,orders[Gender Value],F$63,wk_Flag,1) -> 558.1 | G75: =SUMIFS(orders[Amount],orders[Product],$A75,orders[Gender Value],G$63,wk_Flag,1) -> 973.1 | H75: =RANK(C75,$C$64:$C$83,0)+COUNTIF($C$64:C75,C75)-1 -> 7
... A83: Workout Tops | B83: =SUMIFS(orders[Quantity],orders[Product],$A83,wk_Flag,1) -> 272 | C83: =SUMIFS(orders[Amount],orders[Product],$A83,wk_Flag,1) -> 16668.2 | D83: =SUMIFS(orders[Amount],orders[Product],$A83,orders[Gender Value],D$63,wk_Flag,1) -> 8267.2 | E83: =SUMIFS(orders[Amount],orders[Product],$A83,orders[Gender Value],E$63,wk_Flag,1) -> 6150.8 | F83: =SUMIFS(orders[Amount],orders[Product],$A83,orders[Gender Value],F$63,wk_Flag,1) -> 222.8 | G83: =SUMIFS(orders[Amount],orders[Product],$A83,orders[Gender Value],G$63,wk_Flag,1) -> 2027.4 | H83: =RANK(C83,$C$64:$C$83,0)+COUNTIF($C$64:C83,C83)-1 -> 13
A85: B) Rank | B85: Product | C85: Quantity | D85: Amount ($) | E85: Female | F85: Male | G85: Other | H85: Unknown
A86: 1 | B86: =INDEX($A$64:$A$83,MATCH($A86,$H$64:$H$83,0)) -> Sneakers | C86: =INDEX($B$64:$B$83,MATCH($A86,$H$64:$H$83,0)) -> 1186 | D86: =INDEX($C$64:$C$83,MATCH($A86,$H$64:$H$83,0)) -> 127637.5 | E86: =INDEX(D$64:D$83,MATCH($A86,$H$64:$H$83,0)) -> 65526.9 | F86: =INDEX(E$64:E$83,MATCH($A86,$H$64:$H$83,0)) -> 42922.1 | G86: =INDEX(F$64:F$83,MATCH($A86,$H$64:$H$83,0)) -> 3173 | H86: =INDEX(G$64:G$83,MATCH($A86,$H$64:$H$83,0)) -> 16015.5
A87: 2 | B87: =INDEX($A$64:$A$83,MATCH($A87,$H$64:$H$83,0)) -> Jeans | C87: =INDEX($B$64:$B$83,MATCH($A87,$H$64:$H$83,0)) -> 1546 | D87: =INDEX($C$64:$C$83,MATCH($A87,$H$64:$H$83,0)) -> 112893.2 | E87: =INDEX(D$64:D$83,MATCH($A87,$H$64:$H$83,0)) -> 51517.7 | F87: =INDEX(E$64:E$83,MATCH($A87,$H$64:$H$83,0)) -> 42448.8 | G87: =INDEX(F$64:F$83,MATCH($A87,$H$64:$H$83,0)) -> 1788.7 | H87: =INDEX(G$64:G$83,MATCH($A87,$H$64:$H$83,0)) -> 17138
A88: 3 | B88: =INDEX($A$64:$A$83,MATCH($A88,$H$64:$H$83,0)) -> Tank Tops | C88: =INDEX($B$64:$B$83,MATCH($A88,$H$64:$H$83,0)) -> 912 | D88: =INDEX($C$64:$C$83,MATCH($A88,$H$64:$H$83,0)) -> 57394 | E88: =INDEX(D$64:D$83,MATCH($A88,$H$64:$H$83,0)) -> 36637.9 | F88: =INDEX(E$64:E$83,MATCH($A88,$H$64:$H$83,0)) -> 18378.1 | G88: =INDEX(F$64:F$83,MATCH($A88,$H$64:$H$83,0)) -> 1304.6 | H88: =INDEX(G$64:G$83,MATCH($A88,$H$64:$H$83,0)) -> 1073.4
A89: 4 | B89: =INDEX($A$64:$A$83,MATCH($A89,$H$64:$H$83,0)) -> T-Shirts | C89: =INDEX($B$64:$B$83,MATCH($A89,$H$64:$H$83,0)) -> 1645 | D89: =INDEX($C$64:$C$83,MATCH($A89,$H$64:$H$83,0)) -> 49555.9 | E89: =INDEX(D$64:D$83,MATCH($A89,$H$64:$H$83,0)) -> 23579 | F89: =INDEX(E$64:E$83,MATCH($A89,$H$64:$H$83,0)) -> 20907.9 | G89: =INDEX(F$64:F$83,MATCH($A89,$H$64:$H$83,0)) -> 2266.8 | H89: =INDEX(G$64:G$83,MATCH($A89,$H$64:$H$83,0)) -> 2802.2
A90: 5 | B90: =INDEX($A$64:$A$83,MATCH($A90,$H$64:$H$83,0)) -> Hoodies & Sweatshirts | C90: =INDEX($B$64:$B$83,MATCH($A90,$H$64:$H$83,0)) -> 606 | D90: =INDEX($C$64:$C$83,MATCH($A90,$H$64:$H$83,0)) -> 35240.5 | E90: =INDEX(D$64:D$83,MATCH($A90,$H$64:$H$83,0)) -> 15958.1 | F90: =INDEX(E$64:E$83,MATCH($A90,$H$64:$H$83,0)) -> 17923.5 | G90: =INDEX(F$64:F$83,MATCH($A90,$H$64:$H$83,0)) -> 894 | H90: =INDEX(G$64:G$83,MATCH($A90,$H$64:$H$83,0)) -> 464.9
A91: 6 | B91: =INDEX($A$64:$A$83,MATCH($A91,$H$64:$H$83,0)) -> Sundresses | C91: =INDEX($B$64:$B$83,MATCH($A91,$H$64:$H$83,0)) -> 700 | D91: =INDEX($C$64:$C$83,MATCH($A91,$H$64:$H$83,0)) -> 32052.8 | E91: =INDEX(D$64:D$83,MATCH($A91,$H$64:$H$83,0)) -> 20737.6 | F91: =INDEX(E$64:E$83,MATCH($A91,$H$64:$H$83,0)) -> 8644.9 | G91: =INDEX(F$64:F$83,MATCH($A91,$H$64:$H$83,0)) -> 656.7 | H91: =INDEX(G$64:G$83,MATCH($A91,$H$64:$H$83,0)) -> 2013.6
A92: 7 | B92: =INDEX($A$64:$A$83,MATCH($A92,$H$64:$H$83,0)) -> Sandals | C92: =INDEX($B$64:$B$83,MATCH($A92,$H$64:$H$83,0)) -> 603 | D92: =INDEX($C$64:$C$83,MATCH($A92,$H$64:$H$83,0)) -> 31608.1 | E92: =INDEX(D$64:D$83,MATCH($A92,$H$64:$H$83,0)) -> 16244.9 | F92: =INDEX(E$64:E$83,MATCH($A92,$H$64:$H$83,0)) -> 13832 | G92: =INDEX(F$64:F$83,MATCH($A92,$H$64:$H$83,0)) -> 558.1 | H92: =INDEX(G$64:G$83,MATCH($A92,$H$64:$H$83,0)) -> 973.1
A93: 8 | B93: =INDEX($A$64:$A$83,MATCH($A93,$H$64:$H$83,0)) -> Bikinis | C93: =INDEX($B$64:$B$83,MATCH($A93,$H$64:$H$83,0)) -> 807 | D93: =INDEX($C$64:$C$83,MATCH($A93,$H$64:$H$83,0)) -> 30836.8 | E93: =INDEX(D$64:D$83,MATCH($A93,$H$64:$H$83,0)) -> 18259.3 | F93: =INDEX(E$64:E$83,MATCH($A93,$H$64:$H$83,0)) -> 11586.3 | G93: =INDEX(F$64:F$83,MATCH($A93,$H$64:$H$83,0)) -> 216.8 | H93: =INDEX(G$64:G$83,MATCH($A93,$H$64:$H$83,0)) -> 774.4
A94: 9 | B94: =INDEX($A$64:$A$83,MATCH($A94,$H$64:$H$83,0)) -> Leggings | C94: =INDEX($B$64:$B$83,MATCH($A94,$H$64:$H$83,0)) -> 398 | D94: =INDEX($C$64:$C$83,MATCH($A94,$H$64:$H$83,0)) -> 25206.5 | E94: =INDEX(D$64:D$83,MATCH($A94,$H$64:$H$83,0)) -> 14225.5 | F94: =INDEX(E$64:E$83,MATCH($A94,$H$64:$H$83,0)) -> 8705.9 | G94: =INDEX(F$64:F$83,MATCH($A94,$H$64:$H$83,0)) -> 606.8 | H94: =INDEX(G$64:G$83,MATCH($A94,$H$64:$H$83,0)) -> 1668.3
A95: 10 | B95: =INDEX($A$64:$A$83,MATCH($A95,$H$64:$H$83,0)) -> Casual Dresses | C95: =INDEX($B$64:$B$83,MATCH($A95,$H$64:$H$83,0)) -> 370 | D95: =INDEX($C$64:$C$83,MATCH($A95,$H$64:$H$83,0)) -> 24664.6 | E95: =INDEX(D$64:D$83,MATCH($A95,$H$64:$H$83,0)) -> 15491.4 | F95: =INDEX(E$64:E$83,MATCH($A95,$H$64:$H$83,0)) -> 6208.1 | G95: =INDEX(F$64:F$83,MATCH($A95,$H$64:$H$83,0)) -> 1415.4 | H95: =INDEX(G$64:G$83,MATCH($A95,$H$64:$H$83,0)) -> 1549.7
A96: 11 | B96: =INDEX($A$64:$A$83,MATCH($A96,$H$64:$H$83,0)) -> Graphic Tees | C96: =INDEX($B$64:$B$83,MATCH($A96,$H$64:$H$83,0)) -> 647 | D96: =INDEX($C$64:$C$83,MATCH($A96,$H$64:$H$83,0)) -> 22988.6 | E96: =INDEX(D$64:D$83,MATCH($A96,$H$64:$H$83,0)) -> 15090 | F96: =INDEX(E$64:E$83,MATCH($A96,$H$64:$H$83,0)) -> 6977.3 | G96: =INDEX(F$64:F$83,MATCH($A96,$H$64:$H$83,0)) -> 537.7 | H96: =INDEX(G$64:G$83,MATCH($A96,$H$64:$H$83,0)) -> 383.6
A97: 12 | B97: =INDEX($A$64:$A$83,MATCH($A97,$H$64:$H$83,0)) -> Crop Tops | C97: =INDEX($B$64:$B$83,MATCH($A97,$H$64:$H$83,0)) -> 437 | D97: =INDEX($C$64:$C$83,MATCH($A97,$H$64:$H$83,0)) -> 20170.4 | E97: =INDEX(D$64:D$83,MATCH($A97,$H$64:$H$83,0)) -> 7255.3 | F97: =INDEX(E$64:E$83,MATCH($A97,$H$64:$H$83,0)) -> 11228.9 | G97: =INDEX(F$64:F$83,MATCH($A97,$H$64:$H$83,0)) -> 1310.3 | H97: =INDEX(G$64:G$83,MATCH($A97,$H$64:$H$83,0)) -> 375.9
... A105: 20 | B105: =INDEX($A$64:$A$83,MATCH($A105,$H$64:$H$83,0)) -> Jewelry | C105: =INDEX($B$64:$B$83,MATCH($A105,$H$64:$H$83,0)) -> 65 | D105: =INDEX($C$64:$C$83,MATCH($A105,$H$64:$H$83,0)) -> 1906.4 | E105: =INDEX(D$64:D$83,MATCH($A105,$H$64:$H$83,0)) -> 426.2 | F105: =INDEX(E$64:E$83,MATCH($A105,$H$64:$H$83,0)) -> 1393.4 | G105: =INDEX(F$64:F$83,MATCH($A105,$H$64:$H$83,0)) -> 86.8 | H105: =INDEX(G$64:G$83,MATCH($A105,$H$64:$H$83,0)) -> 0
A108: 6. Gender Distribution Pivot
A109: Equivalent PivotTable: Rows = Gender Value | Values = Count of TX ID (+ % of column total), Sum of Amount
A110: Gender | B110: Orders | C110: % of orders | D110: Sales ($) | E110: % of sales
A111: Female | B111: =COUNTIFS(orders[Gender Value],A111,wk_Flag,1) -> 1231 | C111: =IFERROR(B111/SUM($B$111:$B$114),0) -> 0.51291667 | D111: =SUMIFS(orders[Amount],orders[Gender Value],A111,wk_Flag,1) -> 340707.6 | E111: =IFERROR(D111/SUM($D$111:$D$114),0) -> 0.52495717
A112: Male | B112: =COUNTIFS(orders[Gender Value],A112,wk_Flag,1) -> 959 | C112: =IFERROR(B112/SUM($B$111:$B$114),0) -> 0.39958333 | D112: =SUMIFS(orders[Amount],orders[Gender Value],A112,wk_Flag,1) -> 240895.7 | E112: =IFERROR(D112/SUM($D$111:$D$114),0) -> 0.37116849
A113: Other | B113: =COUNTIFS(orders[Gender Value],A113,wk_Flag,1) -> 75 | C113: =IFERROR(B113/SUM($B$111:$B$114),0) -> 0.03125 | D113: =SUMIFS(orders[Amount],orders[Gender Value],A113,wk_Flag,1) -> 17034.1 | E113: =IFERROR(D113/SUM($D$111:$D$114),0) -> 0.026245886
A114: Unknown | B114: =COUNTIFS(orders[Gender Value],A114,wk_Flag,1) -> 135 | C114: =IFERROR(B114/SUM($B$111:$B$114),0) -> 0.05625 | D114: =SUMIFS(orders[Amount],orders[Gender Value],A114,wk_Flag,1) -> 50382.4 | E114: =IFERROR(D114/SUM($D$111:$D$114),0) -> 0.077628448
A117: 7. State / Region Pivot
A118: Equivalent PivotTable: Rows = State (and County) | Values = Sum of Quantity, Sum of Amount. Data covers ONE state, so the map is shown as a County bar chart (Excel Map charts cannot be created programmatically).
A119: State | B119: Quantity | C119: Amount ($)
A120: California | B120: =SUMIFS(orders[Quantity],orders[State],A120,wk_Flag,1) -> 11997 | C120: =SUMIFS(orders[Amount],orders[State],A120,wk_Flag,1) -> 649019.8
A122: A) County | B122: Quantity | C122: Amount ($) | D122: Rank (by qty)
A123: Alameda County | B123: =SUMIFS(orders[Quantity],orders[County],$A123,wk_Flag,1) -> 579 | C123: =SUMIFS(orders[Amount],orders[County],$A123,wk_Flag,1) -> 31885 | D123: =RANK(B123,$B$123:$B$180,0)+COUNTIF($B$123:B123,B123)-1 -> 5
A124: Alpine County | B124: =SUMIFS(orders[Quantity],orders[County],$A124,wk_Flag,1) -> 1 | C124: =SUMIFS(orders[Amount],orders[County],$A124,wk_Flag,1) -> 10.9 | D124: =RANK(B124,$B$123:$B$180,0)+COUNTIF($B$123:B124,B124)-1 -> 57
A125: Amador County | B125: =SUMIFS(orders[Quantity],orders[County],$A125,wk_Flag,1) -> 9 | C125: =SUMIFS(orders[Amount],orders[County],$A125,wk_Flag,1) -> 800.3 | D125: =RANK(B125,$B$123:$B$180,0)+COUNTIF($B$123:B125,B125)-1 -> 43
A126: Butte County | B126: =SUMIFS(orders[Quantity],orders[County],$A126,wk_Flag,1) -> 35 | C126: =SUMIFS(orders[Amount],orders[County],$A126,wk_Flag,1) -> 1062.6 | D126: =RANK(B126,$B$123:$B$180,0)+COUNTIF($B$123:B126,B126)-1 -> 31
A127: Calaveras County | B127: =SUMIFS(orders[Quantity],orders[County],$A127,wk_Flag,1) -> 12 | C127: =SUMIFS(orders[Amount],orders[County],$A127,wk_Flag,1) -> 326.2 | D127: =RANK(B127,$B$123:$B$180,0)+COUNTIF($B$123:B127,B127)-1 -> 42
A128: Colusa County | B128: =SUMIFS(orders[Quantity],orders[County],$A128,wk_Flag,1) -> 4 | C128: =SUMIFS(orders[Amount],orders[County],$A128,wk_Flag,1) -> 167.5 | D128: =RANK(B128,$B$123:$B$180,0)+COUNTIF($B$123:B128,B128)-1 -> 52
A129: Contra Costa County | B129: =SUMIFS(orders[Quantity],orders[County],$A129,wk_Flag,1) -> 341 | C129: =SUMIFS(orders[Amount],orders[County],$A129,wk_Flag,1) -> 16168.7 | D129: =RANK(B129,$B$123:$B$180,0)+COUNTIF($B$123:B129,B129)-1 -> 8
A130: Del Norte County | B130: =SUMIFS(orders[Quantity],orders[County],$A130,wk_Flag,1) -> 13 | C130: =SUMIFS(orders[Amount],orders[County],$A130,wk_Flag,1) -> 322.4 | D130: =RANK(B130,$B$123:$B$180,0)+COUNTIF($B$123:B130,B130)-1 -> 40
...

Sheet Working_Calculations
A1: TX ID | B1: Month Num | C1: Month | D1: Gender | E1: Days to Deliver | F1: Rating Group | G1: Delivery Group | H1: Amount Check | I1: Filter Flag | K1: HOW THIS SHEET WORKS | N1: List: Mode | O1: List: Gender | P1: List: Category | Q1: List: Month | R1: List: County
A2: =Data!A2 -> TX500001 | B2: =MONTH(Data!F2) -> 1 | C2: =TEXT(Data!F2,"mmm") -> Jan | D2: =Data!O2 -> Unknown | E2: =Data!G2-Data!F2 -> 5 | F2: =IF(Data!J2<=5,Data!J2,IF(Data!J2<=10,"6 TO 10","More than 10")) -> 4 | G2: =IF(E2>=8,"8+",E2) -> 5 | H2: =ROUND(Data!C2*Data!D2-Data!E2,2) -> 0 | I2: =IF(AND(OR(Sel_Mode="All",Data!I2=Sel_Mode),OR(Sel_Gender="All",D2=Sel_Gender),OR(Sel_Category="All",Data!B2=Sel_Category),OR(Sel_Month="All",C2=Sel_Month),OR(Sel_County="All",Data!L2=Sel_County)),1,0) -> 1 | K2: Row n here = row n on the Data sheet (same order, 2,400 rows). | N2: All | O2: All | P2: All | Q2: All | R2: All
A3: =Data!A3 -> TX500002 | B3: =MONTH(Data!F3) -> 1 | C3: =TEXT(Data!F3,"mmm") -> Jan | D3: =Data!O3 -> Male | E3: =Data!G3-Data!F3 -> 2 | F3: =IF(Data!J3<=5,Data!J3,IF(Data!J3<=10,"6 TO 10","More than 10")) -> 4 | G3: =IF(E3>=8,"8+",E3) -> 2 | H3: =ROUND(Data!C3*Data!D3-Data!E3,2) -> 0 | I3: =IF(AND(OR(Sel_Mode="All",Data!I3=Sel_Mode),OR(Sel_Gender="All",D3=Sel_Gender),OR(Sel_Category="All",Data!B3=Sel_Category),OR(Sel_Month="All",C3=Sel_Month),OR(Sel_County="All",Data!L3=Sel_County)),1,0) -> 1 | K3: Month Num / Month: =MONTH(date) and =TEXT(date,"mmm"). | N3: App | O3: Female | P3: Baseball Caps | Q3: Jan | R3: Alameda County
A4: =Data!A4 -> TX500003 | B4: =MONTH(Data!F4) -> 1 | C4: =TEXT(Data!F4,"mmm") -> Jan | D4: =Data!O4 -> Female | E4: =Data!G4-Data!F4 -> 3 | F4: =IF(Data!J4<=5,Data!J4,IF(Data!J4<=10,"6 TO 10","More than 10")) -> 3 | G4: =IF(E4>=8,"8+",E4) -> 3 | H4: =ROUND(Data!C4*Data!D4-Data!E4,2) -> 0 | I4: =IF(AND(OR(Sel_Mode="All",Data!I4=Sel_Mode),OR(Sel_Gender="All",D4=Sel_Gender),OR(Sel_Category="All",Data!B4=Sel_Category),OR(Sel_Month="All",C4=Sel_Month),OR(Sel_County="All",Data!L4=Sel_County)),1,0) -> 1 | K4: Gender: reuses the "Gender Value" column of the Data table (M/F/O/blank -> Male/Female/Other/Unknown). | N4: Instagram | O4: Male | P4: Bikinis | Q4: Feb | R4: Alpine County
A5: =Data!A5 -> TX500004 | B5: =MONTH(Data!F5) -> 1 | C5: =TEXT(Data!F5,"mmm") -> Jan | D5: =Data!O5 -> Female | E5: =Data!G5-Data!F5 -> 1 | F5: =IF(Data!J5<=5,Data!J5,IF(Data!J5<=10,"6 TO 10","More than 10")) -> 4 | G5: =IF(E5>=8,"8+",E5) -> 1 | H5: =ROUND(Data!C5*Data!D5-Data!E5,2) -> 0 | I5: =IF(AND(OR(Sel_Mode="All",Data!I5=Sel_Mode),OR(Sel_Gender="All",D5=Sel_Gender),OR(Sel_Category="All",Data!B5=Sel_Category),OR(Sel_Month="All",C5=Sel_Month),OR(Sel_County="All",Data!L5=Sel_County)),1,0) -> 1 | K5: Days to Deliver: =Ship Date - Order Date. Delivery Group: 8 or more days -> "8+". | N5: Partner App | O5: Other | P5: Casual Dresses | Q5: Mar | R5: Amador County
A6: =Data!A6 -> TX500005 | B6: =MONTH(Data!F6) -> 1 | C6: =TEXT(Data!F6,"mmm") -> Jan | D6: =Data!O6 -> Female | E6: =Data!G6-Data!F6 -> 3 | F6: =IF(Data!J6<=5,Data!J6,IF(Data!J6<=10,"6 TO 10","More than 10")) -> 5 | G6: =IF(E6>=8,"8+",E6) -> 3 | H6: =ROUND(Data!C6*Data!D6-Data!E6,2) -> 0 | I6: =IF(AND(OR(Sel_Mode="All",Data!I6=Sel_Mode),OR(Sel_Gender="All",D6=Sel_Gender),OR(Sel_Category="All",Data!B6=Sel_Category),OR(Sel_Month="All",C6=Sel_Month),OR(Sel_County="All",Data!L6=Sel_County)),1,0) -> 1 | K6: Rating Group: 1-5 stay as-is, 6-10 -> "6 TO 10", above 10 -> "More than 10". | N6: Target.com | O6: Unknown | P6: Crop Tops | R6: Butte County
A7: =Data!A7 -> TX500006 | B7: =MONTH(Data!F7) -> 1 | C7: =TEXT(Data!F7,"mmm") -> Jan | D7: =Data!O7 -> Male | E7: =Data!G7-Data!F7 -> 3 | F7: =IF(Data!J7<=5,Data!J7,IF(Data!J7<=10,"6 TO 10","More than 10")) -> 4 | G7: =IF(E7>=8,"8+",E7) -> 3 | H7: =ROUND(Data!C7*Data!D7-Data!E7,2) -> 0 | I7: =IF(AND(OR(Sel_Mode="All",Data!I7=Sel_Mode),OR(Sel_Gender="All",D7=Sel_Gender),OR(Sel_Category="All",Data!B7=Sel_Category),OR(Sel_Month="All",C7=Sel_Month),OR(Sel_County="All",Data!L7=Sel_County)),1,0) -> 1 | K7: Amount Check: Quantity x Unit Price - Amount (0 = OK). | N7: Website | P7: Graphic Tees | R7: Calaveras County
A8: =Data!A8 -> TX500007 | B8: =MONTH(Data!F8) -> 1 | C8: =TEXT(Data!F8,"mmm") -> Jan | D8: =Data!O8 -> Female | E8: =Data!G8-Data!F8 -> 1 | F8: =IF(Data!J8<=5,Data!J8,IF(Data!J8<=10,"6 TO 10","More than 10")) -> 4 | G8: =IF(E8>=8,"8+",E8) -> 1 | H8: =ROUND(Data!C8*Data!D8-Data!E8,2) -> 0 | I8: =IF(AND(OR(Sel_Mode="All",Data!I8=Sel_Mode),OR(Sel_Gender="All",D8=Sel_Gender),OR(Sel_Category="All",Data!B8=Sel_Category),OR(Sel_Month="All",C8=Sel_Month),OR(Sel_County="All",Data!L8=Sel_County)),1,0) -> 1 | K8: Filter Flag: 1 if the row passes ALL five dashboard dropdowns, else 0. | P8: Hoodies & Sweatshirts | R8: Colusa County
A9: =Data!A9 -> TX500008 | B9: =MONTH(Data!F9) -> 1 | C9: =TEXT(Data!F9,"mmm") -> Jan | D9: =Data!O9 -> Male | E9: =Data!G9-Data!F9 -> 1 | F9: =IF(Data!J9<=5,Data!J9,IF(Data!J9<=10,"6 TO 10","More than 10")) -> 5 | G9: =IF(E9>=8,"8+",E9) -> 1 | H9: =ROUND(Data!C9*Data!D9-Data!E9,2) -> 0 | I9: =IF(AND(OR(Sel_Mode="All",Data!I9=Sel_Mode),OR(Sel_Gender="All",D9=Sel_Gender),OR(Sel_Category="All",Data!B9=Sel_Category),OR(Sel_Month="All",C9=Sel_Month),OR(Sel_County="All",Data!L9=Sel_County)),1,0) -> 1 | K9: Every Pivot_Calculations formula uses "Filter Flag = 1", which is how the | P9: Jeans | R9: Contra Costa County
A10: =Data!A10 -> TX500009 | B10: =MONTH(Data!F10) -> 1 | C10: =TEXT(Data!F10,"mmm") -> Jan | D10: =Data!O10 -> Female | E10: =Data!G10-Data!F10 -> 1 | F10: =IF(Data!J10<=5,Data!J10,IF(Data!J10<=10,"6 TO 10","More than 10")) -> 4 | G10: =IF(E10>=8,"8+",E10) -> 1 | H10: =ROUND(Data!C10*Data!D10-Data!E10,2) -> 0 | I10: =IF(AND(OR(Sel_Mode="All",Data!I10=Sel_Mode),OR(Sel_Gender="All",D10=Sel_Gender),OR(Sel_Category="All",Data!B10=Sel_Category),OR(Sel_Month="All",C10=Sel_Month),OR(Sel_County="All",Data!L10=Sel_County)),1,0) -> 1 | K10: dropdowns drive every chart and KPI (replacing slicers). | P10: Jewelry | R10: Del Norte County
A11: =Data!A11 -> TX500010 | B11: =MONTH(Data!F11) -> 1 | C11: =TEXT(Data!F11,"mmm") -> Jan | D11: =Data!O11 -> Male | E11: =Data!G11-Data!F11 -> 3 | F11: =IF(Data!J11<=5,Data!J11,IF(Data!J11<=10,"6 TO 10","More than 10")) -> 3 | G11: =IF(E11>=8,"8+",E11) -> 3 | H11: =ROUND(Data!C11*Data!D11-Data!E11,2) -> 0 | I11: =IF(AND(OR(Sel_Mode="All",Data!I11=Sel_Mode),OR(Sel_Gender="All",D11=Sel_Gender),OR(Sel_Category="All",Data!B11=Sel_Category),OR(Sel_Month="All",C11=Sel_Month),OR(Sel_County="All",Data!L11=Sel_County)),1,0) -> 1 | K11: If you append rows to the Data table, copy the formulas here down and extend named ranges (Formulas > Name Manager). | P11: Leggings | R11: El Dorado County
A12: =Data!A12 -> TX500011 | B12: =MONTH(Data!F12) -> 1 | C12: =TEXT(Data!F12,"mmm") -> Jan | D12: =Data!O12 -> Female | E12: =Data!G12-Data!F12 -> 6 | F12: =IF(Data!J12<=5,Data!J12,IF(Data!J12<=10,"6 TO 10","More than 10")) -> 4 | G12: =IF(E12>=8,"8+",E12) -> 6 | H12: =ROUND(Data!C12*Data!D12-Data!E12,2) -> 0 | I12: =IF(AND(OR(Sel_Mode="All",Data!I12=Sel_Mode),OR(Sel_Gender="All",D12=Sel_Gender),OR(Sel_Category="All",Data!B12=Sel_Category),OR(Sel_Month="All",C12=Sel_Month),OR(Sel_County="All",Data!L12=Sel_County)),1,0) -> 1 | P12: Maxi Dresses | R12: Fresno County
A13: =Data!A13 -> TX500012 | B13: =MONTH(Data!F13) -> 1 | C13: =TEXT(Data!F13,"mmm") -> Jan | D13: =Data!O13 -> Female | E13: =Data!G13-Data!F13 -> 2 | F13: =IF(Data!J13<=5,Data!J13,IF(Data!J13<=10,"6 TO 10","More than 10")) -> 3 | G13: =IF(E13>=8,"8+",E13) -> 2 | H13: =ROUND(Data!C13*Data!D13-Data!E13,2) -> 0 | I13: =IF(AND(OR(Sel_Mode="All",Data!I13=Sel_Mode),OR(Sel_Gender="All",D13=Sel_Gender),OR(Sel_Category="All",Data!B13=Sel_Category),OR(Sel_Month="All",C13=Sel_Month),OR(Sel_County="All",Data!L13=Sel_County)),1,0) -> 1 | K13: DATA QUALITY CHECKS | L13: Result | P13: Pajama Sets | R13: Glenn County
A14: =Data!A14 -> TX500013 | B14: =MONTH(Data!F14) -> 1 | C14: =TEXT(Data!F14,"mmm") -> Jan | D14: =Data!O14 -> Female | E14: =Data!G14-Data!F14 -> 4 | F14: =IF(Data!J14<=5,Data!J14,IF(Data!J14<=10,"6 TO 10","More than 10")) -> 4 | G14: =IF(E14>=8,"8+",E14) -> 4 | H14: =ROUND(Data!C14*Data!D14-Data!E14,2) -> 0 | I14: =IF(AND(OR(Sel_Mode="All",Data!I14=Sel_Mode),OR(Sel_Gender="All",D14=Sel_Gender),OR(Sel_Category="All",Data!B14=Sel_Category),OR(Sel_Month="All",C14=Sel_Month),OR(Sel_County="All",Data!L14=Sel_County)),1,0) -> 1 | K14: Rows in Data table | L14: =ROWS(orders[TX ID]) -> 2400 | P14: Sandals | R14: Humboldt County
A15: =Data!A15 -> TX500014 | B15: =MONTH(Data!F15) -> 1 | C15: =TEXT(Data!F15,"mmm") -> Jan | D15: =Data!O15 -> Male | E15: =Data!G15-Data!F15 -> 7 | F15: =IF(Data!J15<=5,Data!J15,IF(Data!J15<=10,"6 TO 10","More than 10")) -> 4 | G15: =IF(E15>=8,"8+",E15) -> 7 | H15: =ROUND(Data!C15*Data!D15-Data!E15,2) -> 0 | I15: =IF(AND(OR(Sel_Mode="All",Data!I15=Sel_Mode),OR(Sel_Gender="All",D15=Sel_Gender),OR(Sel_Category="All",Data!B15=Sel_Category),OR(Sel_Month="All",C15=Sel_Month),OR(Sel_County="All",Data!L15=Sel_County)),1,0) -> 1 | K15: Blank gender codes (shown as "Unknown") | L15: =COUNTBLANK(orders[Customer Gender]) -> 135 | P15: Shorts | R15: Imperial County
A16: =Data!A16 -> TX500015 | B16: =MONTH(Data!F16) -> 1 | C16: =TEXT(Data!F16,"mmm") -> Jan | D16: =Data!O16 -> Male | E16: =Data!G16-Data!F16 -> 3 | F16: =IF(Data!J16<=5,Data!J16,IF(Data!J16<=10,"6 TO 10","More than 10")) -> 4 | G16: =IF(E16>=8,"8+",E16) -> 3 | H16: =ROUND(Data!C16*Data!D16-Data!E16,2) -> 0 | I16: =IF(AND(OR(Sel_Mode="All",Data!I16=Sel_Mode),OR(Sel_Gender="All",D16=Sel_Gender),OR(Sel_Category="All",Data!B16=Sel_Category),OR(Sel_Month="All",C16=Sel_Month),OR(Sel_County="All",Data!L16=Sel_County)),1,0) -> 1 | K16: Duplicate TX IDs | L16: =SUMPRODUCT(--(COUNTIF(orders[TX ID],orders[TX ID])>1)) -> 0 | P16: Sneakers | R16: Inyo County
A17: =Data!A17 -> TX500016 | B17: =MONTH(Data!F17) -> 1 | C17: =TEXT(Data!F17,"mmm") -> Jan | D17: =Data!O17 -> Male | E17: =Data!G17-Data!F17 -> 1 | F17: =IF(Data!J17<=5,Data!J17,IF(Data!J17<=10,"6 TO 10","More than 10")) -> 5 | G17: =IF(E17>=8,"8+",E17) -> 1 | H17: =ROUND(Data!C17*Data!D17-Data!E17,2) -> 0 | I17: =IF(AND(OR(Sel_Mode="All",Data!I17=Sel_Mode),OR(Sel_Gender="All",D17=Sel_Gender),OR(Sel_Category="All",Data!B17=Sel_Category),OR(Sel_Month="All",C17=Sel_Month),OR(Sel_County="All",Data!L17=Sel_County)),1,0) -> 1 | K17: Negative delivery days | L17: =COUNTIF($E$2:$E$2401,"<0") -> 0 | P17: Sundresses | R17: Kern County
A18: =Data!A18 -> TX500017 | B18: =MONTH(Data!F18) -> 1 | C18: =TEXT(Data!F18,"mmm") -> Jan | D18: =Data!O18 -> Female | E18: =Data!G18-Data!F18 -> 1 | F18: =IF(Data!J18<=5,Data!J18,IF(Data!J18<=10,"6 TO 10","More than 10")) -> 3 | G18: =IF(E18>=8,"8+",E18) -> 1 | H18: =ROUND(Data!C18*Data!D18-Data!E18,2) -> 0 | I18: =IF(AND(OR(Sel_Mode="All",Data!I18=Sel_Mode),OR(Sel_Gender="All",D18=Sel_Gender),OR(Sel_Category="All",Data!B18=Sel_Category),OR(Sel_Month="All",C18=Sel_Month),OR(Sel_County="All",Data!L18=Sel_County)),1,0) -> 1 | K18: Amount <> Quantity x Unit Price | L18: =COUNTIF($H$2:$H$2401,"<>0") -> 0 | P18: Sunglasses | R18: Kings County
A19: =Data!A19 -> TX500018 | B19: =MONTH(Data!F19) -> 1 | C19: =TEXT(Data!F19,"mmm") -> Jan | D19: =Data!O19 -> Female | E19: =Data!G19-Data!F19 -> 3 | F19: =IF(Data!J19<=5,Data!J19,IF(Data!J19<=10,"6 TO 10","More than 10")) -> 4 | G19: =IF(E19>=8,"8+",E19) -> 3 | H19: =ROUND(Data!C19*Data!D19-Data!E19,2) -> 0 | I19: =IF(AND(OR(Sel_Mode="All",Data!I19=Sel_Mode),OR(Sel_Gender="All",D19=Sel_Gender),OR(Sel_Category="All",Data!B19=Sel_Category),OR(Sel_Month="All",C19=Sel_Month),OR(Sel_County="All",Data!L19=Sel_County)),1,0) -> 1 | K19: Ratings outside 1-5 | L19: =COUNTIF(orders[Rating C],"<1")+COUNTIF(orders[Rating C],">5") -> 0 | P19: T-Shirts | R19: Lake County
A20: =Data!A20 -> TX500019 | B20: =MONTH(Data!F20) -> 1 | C20: =TEXT(Data!F20,"mmm") -> Jan | D20: =Data!O20 -> Female | E20: =Data!G20-Data!F20 -> 3 | F20: =IF(Data!J20<=5,Data!J20,IF(Data!J20<=10,"6 TO 10","More than 10")) -> 1 | G20: =IF(E20>=8,"8+",E20) -> 3 | H20: =ROUND(Data!C20*Data!D20-Data!E20,2) -> 0 | I20: =IF(AND(OR(Sel_Mode="All",Data!I20=Sel_Mode),OR(Sel_Gender="All",D20=Sel_Gender),OR(Sel_Category="All",Data!B20=Sel_Category),OR(Sel_Month="All",C20=Sel_Month),OR(Sel_County="All",Data!L20=Sel_County)),1,0) -> 1 | K20: Days here <> Days on Data sheet | L20: =SUMPRODUCT(--($E$2:$E$2401<>orders[Days to Deliver])) -> 0 | P20: Tank Tops | R20: Lassen County
A21: =Data!A21 -> TX500020 | B21: =MONTH(Data!F21) -> 1 | C21: =TEXT(Data!F21,"mmm") -> Jan | D21: =Data!O21 -> Female | E21: =Data!G21-Data!F21 -> 1 | F21: =IF(Data!J21<=5,Data!J21,IF(Data!J21<=10,"6 TO 10","More than 10")) -> 5 | G21: =IF(E21>=8,"8+",E21) -> 1 | H21: =ROUND(Data!C21*Data!D21-Data!E21,2) -> 0 | I21: =IF(AND(OR(Sel_Mode="All",Data!I21=Sel_Mode),OR(Sel_Gender="All",D21=Sel_Gender),OR(Sel_Category="All",Data!B21=Sel_Category),OR(Sel_Month="All",C21=Sel_Month),OR(Sel_County="All",Data!L21=Sel_County)),1,0) -> 1 | P21: Tote Bags | R21: Los Angeles County
A22: =Data!A22 -> TX500021 | B22: =MONTH(Data!F22) -> 1 | C22: =TEXT(Data!F22,"mmm") -> Jan | D22: =Data!O22 -> Female | E22: =Data!G22-Data!F22 -> 3 | F22: =IF(Data!J22<=5,Data!J22,IF(Data!J22<=10,"6 TO 10","More than 10")) -> 4 | G22: =IF(E22>=8,"8+",E22) -> 3 | H22: =ROUND(Data!C22*Data!D22-Data!E22,2) -> 0 | I22: =IF(AND(OR(Sel_Mode="All",Data!I22=Sel_Mode),OR(Sel_Gender="All",D22=Sel_Gender),OR(Sel_Category="All",Data!B22=Sel_Category),OR(Sel_Month="All",C22=Sel_Month),OR(Sel_County="All",Data!L22=Sel_County)),1,0) -> 1 | P22: Workout Tops | R22: Madera County
A23: =Data!A23 -> TX500022 | B23: =MONTH(Data!F23) -> 1 | C23: =TEXT(Data!F23,"mmm") -> Jan | D23: =Data!O23 -> Female | E23: =Data!G23-Data!F23 -> 1 | F23: =IF(Data!J23<=5,Data!J23,IF(Data!J23<=10,"6 TO 10","More than 10")) -> 3 | G23: =IF(E23>=8,"8+",E23) -> 1 | H23: =ROUND(Data!C23*Data!D23-Data!E23,2) -> 0 | I23: =IF(AND(OR(Sel_Mode="All",Data!I23=Sel_Mode),OR(Sel_Gender="All",D23=Sel_Gender),OR(Sel_Category="All",Data!B23=Sel_Category),OR(Sel_Month="All",C23=Sel_Month),OR(Sel_County="All",Data!L23=Sel_County)),1,0) -> 1 | R23: Marin County
A24: =Data!A24 -> TX500023 | B24: =MONTH(Data!F24) -> 1 | C24: =TEXT(Data!F24,"mmm") -> Jan | D24: =Data!O24 -> Male | E24: =Data!G24-Data!F24 -> 1 | F24: =IF(Data!J24<=5,Data!J24,IF(Data!J24<=10,"6 TO 10","More than 10")) -> 5 | G24: =IF(E24>=8,"8+",E24) -> 1 | H24: =ROUND(Data!C24*Data!D24-Data!E24,2) -> 0 | I24: =IF(AND(OR(Sel_Mode="All",Data!I24=Sel_Mode),OR(Sel_Gender="All",D24=Sel_Gender),OR(Sel_Category="All",Data!B24=Sel_Category),OR(Sel_Month="All",C24=Sel_Month),OR(Sel_County="All",Data!L24=Sel_County)),1,0) -> 1 | R24: Mariposa County
A25: =Data!A25 -> TX500024 | B25: =MONTH(Data!F25) -> 1 | C25: =TEXT(Data!F25,"mmm") -> Jan | D25: =Data!O25 -> Female | E25: =Data!G25-Data!F25 -> 1 | F25: =IF(Data!J25<=5,Data!J25,IF(Data!J25<=10,"6 TO 10","More than 10")) -> 4 | G25: =IF(E25>=8,"8+",E25) -> 1 | H25: =ROUND(Data!C25*Data!D25-Data!E25,2) -> 0 | I25: =IF(AND(OR(Sel_Mode="All",Data!I25=Sel_Mode),OR(Sel_Gender="All",D25=Sel_Gender),OR(Sel_Category="All",Data!B25=Sel_Category),OR(Sel_Month="All",C25=Sel_Month),OR(Sel_County="All",Data!L25=Sel_County)),1,0) -> 1 | R25: Mendocino County
A26: =Data!A26 -> TX500025 | B26: =MONTH(Data!F26) -> 1 | C26: =TEXT(Data!F26,"mmm") -> Jan | D26: =Data!O26 -> Female | E26: =Data!G26-Data!F26 -> 1 | F26: =IF(Data!J26<=5,Data!J26,IF(Data!J26<=10,"6 TO 10","More than 10")) -> 4 | G26: =IF(E26>=8,"8+",E26) -> 1 | H26: =ROUND(Data!C26*Data!D26-Data!E26,2) -> 0 | I26: =IF(AND(OR(Sel_Mode="All",Data!I26=Sel_Mode),OR(Sel_Gender="All",D26=Sel_Gender),OR(Sel_Category="All",Data!B26=Sel_Category),OR(Sel_Month="All",C26=Sel_Month),OR(Sel_County="All",Data!L26=Sel_County)),1,0) -> 1 | R26: Merced County
A27: =Data!A27 -> TX500026 | B27: =MONTH(Data!F27) -> 1 | C27: =TEXT(Data!F27,"mmm") -> Jan | D27: =Data!O27 -> Female | E27: =Data!G27-Data!F27 -> 1 | F27: =IF(Data!J27<=5,Data!J27,IF(Data!J27<=10,"6 TO 10","More than 10")) -> 4 | G27: =IF(E27>=8,"8+",E27) -> 1 | H27: =ROUND(Data!C27*Data!D27-Data!E27,2) -> 0 | I27: =IF(AND(OR(Sel_Mode="All",Data!I27=Sel_Mode),OR(Sel_Gender="All",D27=Sel_Gender),OR(Sel_Category="All",Data!B27=Sel_Category),OR(Sel_Month="All",C27=Sel_Month),OR(Sel_County="All",Data!L27=Sel_County)),1,0) -> 1 | R27: Modoc County
A28: =Data!A28 -> TX500027 | B28: =MONTH(Data!F28) -> 1 | C28: =TEXT(Data!F28,"mmm") -> Jan | D28: =Data!O28 -> Male | E28: =Data!G28-Data!F28 -> 3 | F28: =IF(Data!J28<=5,Data!J28,IF(Data!J28<=10,"6 TO 10","More than 10")) -> 4 | G28: =IF(E28>=8,"8+",E28) -> 3 | H28: =ROUND(Data!C28*Data!D28-Data!E28,2) -> 0 | I28: =IF(AND(OR(Sel_Mode="All",Data!I28=Sel_Mode),OR(Sel_Gender="All",D28=Sel_Gender),OR(Sel_Category="All",Data!B28=Sel_Category),OR(Sel_Month="All",C28=Sel_Month),OR(Sel_County="All",Data!L28=Sel_County)),1,0) -> 1 | R28: Mono County
A29: =Data!A29 -> TX500028 | B29: =MONTH(Data!F29) -> 1 | C29: =TEXT(Data!F29,"mmm") -> Jan | D29: =Data!O29 -> Unknown | E29: =Data!G29-Data!F29 -> 2 | F29: =IF(Data!J29<=5,Data!J29,IF(Data!J29<=10,"6 TO 10","More than 10")) -> 5 | G29: =IF(E29>=8,"8+",E29) -> 2 | H29: =ROUND(Data!C29*Data!D29-Data!E29,2) -> 0 | I29: =IF(AND(OR(Sel_Mode="All",Data!I29=Sel_Mode),OR(Sel_Gender="All",D29=Sel_Gender),OR(Sel_Category="All",Data!B29=Sel_Category),OR(Sel_Month="All",C29=Sel_Month),OR(Sel_County="All",Data!L29=Sel_County)),1,0) -> 1 | R29: Monterey County
A30: =Data!A30 -> TX500029 | B30: =MONTH(Data!F30) -> 1 | C30: =TEXT(Data!F30,"mmm") -> Jan | D30: =Data!O30 -> Unknown | E30: =Data!G30-Data!F30 -> 6 | F30: =IF(Data!J30<=5,Data!J30,IF(Data!J30<=10,"6 TO 10","More than 10")) -> 5 | G30: =IF(E30>=8,"8+",E30) -> 6 | H30: =ROUND(Data!C30*Data!D30-Data!E30,2) -> 0 | I30: =IF(AND(OR(Sel_Mode="All",Data!I30=Sel_Mode),OR(Sel_Gender="All",D30=Sel_Gender),OR(Sel_Category="All",Data!B30=Sel_Category),OR(Sel_Month="All",C30=Sel_Month),OR(Sel_County="All",Data!L30=Sel_County)),1,0) -> 1 | R30: Napa County
A31: =Data!A31 -> TX500030 | B31: =MONTH(Data!F31) -> 1 | C31: =TEXT(Data!F31,"mmm") -> Jan | D31: =Data!O31 -> Female | E31: =Data!G31-Data!F31 -> 4 | F31: =IF(Data!J31<=5,Data!J31,IF(Data!J31<=10,"6 TO 10","More than 10")) -> 4 | G31: =IF(E31>=8,"8+",E31) -> 4 | H31: =ROUND(Data!C31*Data!D31-Data!E31,2) -> 0 | I31: =IF(AND(OR(Sel_Mode="All",Data!I31=Sel_Mode),OR(Sel_Gender="All",D31=Sel_Gender),OR(Sel_Category="All",Data!B31=Sel_Category),OR(Sel_Month="All",C31=Sel_Month),OR(Sel_County="All",Data!L31=Sel_County)),1,0) -> 1 | R31: Nevada County
A32: =Data!A32 -> TX500031 | B32: =MONTH(Data!F32) -> 1 | C32: =TEXT(Data!F32,"mmm") -> Jan | D32: =Data!O32 -> Male | E32: =Data!G32-Data!F32 -> 4 | F32: =IF(Data!J32<=5,Data!J32,IF(Data!J32<=10,"6 TO 10","More than 10")) -> 5 | G32: =IF(E32>=8,"8+",E32) -> 4 | H32: =ROUND(Data!C32*Data!D32-Data!E32,2) -> 0 | I32: =IF(AND(OR(Sel_Mode="All",Data!I32=Sel_Mode),OR(Sel_Gender="All",D32=Sel_Gender),OR(Sel_Category="All",Data!B32=Sel_Category),OR(Sel_Month="All",C32=Sel_Month),OR(Sel_County="All",Data!L32=Sel_County)),1,0) -> 1 | R32: Orange County
A33: =Data!A33 -> TX500032 | B33: =MONTH(Data!F33) -> 1 | C33: =TEXT(Data!F33,"mmm") -> Jan | D33: =Data!O33 -> Male | E33: =Data!G33-Data!F33 -> 3 | F33: =IF(Data!J33<=5,Data!J33,IF(Data!J33<=10,"6 TO 10","More than 10")) -> 4 | G33: =IF(E33>=8,"8+",E33) -> 3 | H33: =ROUND(Data!C33*Data!D33-Data!E33,2) -> 0 | I33: =IF(AND(OR(Sel_Mode="All",Data!I33=Sel_Mode),OR(Sel_Gender="All",D33=Sel_Gender),OR(Sel_Category="All",Data!B33=Sel_Category),OR(Sel_Month="All",C33=Sel_Month),OR(Sel_County="All",Data!L33=Sel_County)),1,0) -> 1 | R33: Placer County
A34: =Data!A34 -> TX500033 | B34: =MONTH(Data!F34) -> 1 | C34: =TEXT(Data!F34,"mmm") -> Jan | D34: =Data!O34 -> Male | E34: =Data!G34-Data!F34 -> 1 | F34: =IF(Data!J34<=5,Data!J34,IF(Data!J34<=10,"6 TO 10","More than 10")) -> 4 | G34: =IF(E34>=8,"8+",E34) -> 1 | H34: =ROUND(Data!C34*Data!D34-Data!E34,2) -> 0 | I34: =IF(AND(OR(Sel_Mode="All",Data!I34=Sel_Mode),OR(Sel_Gender="All",D34=Sel_Gender),OR(Sel_Category="All",Data!B34=Sel_Category),OR(Sel_Month="All",C34=Sel_Month),OR(Sel_County="All",Data!L34=Sel_County)),1,0) -> 1 | R34: Plumas County
... A60: =Data!A60 -> TX500059 | B60: =MONTH(Data!F60) -> 1 | C60: =TEXT(Data!F60,"mmm") -> Jan | D60: =Data!O60 -> Male | E60: =Data!G60-Data!F60 -> 1 | F60: =IF(Data!J60<=5,Data!J60,IF(Data!J60<=10,"6 TO 10","More than 10")) -> 5 | G60: =IF(E60>=8,"8+",E60) -> 1 | H60: =ROUND(Data!C60*Data!D60-Data!E60,2) -> 0 | I60: =IF(AND(OR(Sel_Mode="All",Data!I60=Sel_Mode),OR(Sel_Gender="All",D60=Sel_Gender),OR(Sel_Category="All",Data!B60=Sel_Category),OR(Sel_Month="All",C60=Sel_Month),OR(Sel_County="All",Data!L60=Sel_County)),1,0) -> 1 | R60: Yuba County
A61: =Data!A61 -> TX500060 | B61: =MONTH(Data!F61) -> 1 | C61: =TEXT(Data!F61,"mmm") -> Jan | D61: =Data!O61 -> Female | E61: =Data!G61-Data!F61 -> 3 | F61: =IF(Data!J61<=5,Data!J61,IF(Data!J61<=10,"6 TO 10","More than 10")) -> 5 | G61: =IF(E61>=8,"8+",E61) -> 3 | H61: =ROUND(Data!C61*Data!D61-Data!E61,2) -> 0 | I61: =IF(AND(OR(Sel_Mode="All",Data!I61=Sel_Mode),OR(Sel_Gender="All",D61=Sel_Gender),OR(Sel_Category="All",Data!B61=Sel_Category),OR(Sel_Month="All",C61=Sel_Month),OR(Sel_County="All",Data!L61=Sel_County)),1,0) -> 1
A62: =Data!A62 -> TX500061 | B62: =MONTH(Data!F62) -> 1 | C62: =TEXT(Data!F62,"mmm") -> Jan | D62: =Data!O62 -> Female | E62: =Data!G62-Data!F62 -> 2 | F62: =IF(Data!J62<=5,Data!J62,IF(Data!J62<=10,"6 TO 10","More than 10")) -> 3 | G62: =IF(E62>=8,"8+",E62) -> 2 | H62: =ROUND(Data!C62*Data!D62-Data!E62,2) -> 0 | I62: =IF(AND(OR(Sel_Mode="All",Data!I62=Sel_Mode),OR(Sel_Gender="All",D62=Sel_Gender),OR(Sel_Category="All",Data!B62=Sel_Category),OR(Sel_Month="All",C62=Sel_Month),OR(Sel_County="All",Data!L62=Sel_County)),1,0) -> 1 | N62: Blue text = typed values that feed the dashboard dropdowns (equivalent to =UNIQUE(...) in Excel 365).
A63: =Data!A63 -> TX500062 | B63: =MONTH(Data!F63) -> 1 | C63: =TEXT(Data!F63,"mmm") -> Jan | D63: =Data!O63 -> Female | E63: =Data!G63-Data!F63 -> 1 | F63: =IF(Data!J63<=5,Data!J63,IF(Data!J63<=10,"6 TO 10","More than 10")) -> 4 | G63: =IF(E63>=8,"8+",E63) -> 1 | H63: =ROUND(Data!C63*Data!D63-Data!E63,2) -> 0 | I63: =IF(AND(OR(Sel_Mode="All",Data!I63=Sel_Mode),OR(Sel_Gender="All",D63=Sel_Gender),OR(Sel_Category="All",Data!B63=Sel_Category),OR(Sel_Month="All",C63=Sel_Month),OR(Sel_County="All",Data!L63=Sel_County)),1,0) -> 1
A64: =Data!A64 -> TX500063 | B64: =MONTH(Data!F64) -> 1 | C64: =TEXT(Data!F64,"mmm") -> Jan | D64: =Data!O64 -> Female | E64: =Data!G64-Data!F64 -> 5 | F64: =IF(Data!J64<=5,Data!J64,IF(Data!J64<=10,"6 TO 10","More than 10")) -> 4 | G64: =IF(E64>=8,"8+",E64) -> 5 | H64: =ROUND(Data!C64*Data!D64-Data!E64,2) -> 0 | I64: =IF(AND(OR(Sel_Mode="All",Data!I64=Sel_Mode),OR(Sel_Gender="All",D64=Sel_Gender),OR(Sel_Category="All",Data!B64=Sel_Category),OR(Sel_Month="All",C64=Sel_Month),OR(Sel_County="All",Data!L64=Sel_County)),1,0) -> 1
A65: =Data!A65 -> TX500064 | B65: =MONTH(Data!F65) -> 1 | C65: =TEXT(Data!F65,"mmm") -> Jan | D65: =Data!O65 -> Male | E65: =Data!G65-Data!F65 -> 1 | F65: =IF(Data!J65<=5,Data!J65,IF(Data!J65<=10,"6 TO 10","More than 10")) -> 2 | G65: =IF(E65>=8,"8+",E65) -> 1 | H65: =ROUND(Data!C65*Data!D65-Data!E65,2) -> 0 | I65: =IF(AND(OR(Sel_Mode="All",Data!I65=Sel_Mode),OR(Sel_Gender="All",D65=Sel_Gender),OR(Sel_Category="All",Data!B65=Sel_Category),OR(Sel_Month="All",C65=Sel_Month),OR(Sel_County="All",Data!L65=Sel_County)),1,0) -> 1
A66: =Data!A66 -> TX500065 | B66: =MONTH(Data!F66) -> 1 | C66: =TEXT(Data!F66,"mmm") -> Jan | D66: =Data!O66 -> Female | E66: =Data!G66-Data!F66 -> 3 | F66: =IF(Data!J66<=5,Data!J66,IF(Data!J66<=10,"6 TO 10","More than 10")) -> 4 | G66: =IF(E66>=8,"8+",E66) -> 3 | H66: =ROUND(Data!C66*Data!D66-Data!E66,2) -> 0 | I66: =IF(AND(OR(Sel_Mode="All",Data!I66=Sel_Mode),OR(Sel_Gender="All",D66=Sel_Gender),OR(Sel_Category="All",Data!B66=Sel_Category),OR(Sel_Month="All",C66=Sel_Month),OR(Sel_County="All",Data!L66=Sel_County)),1,0) -> 1
A67: =Data!A67 -> TX500066 | B67: =MONTH(Data!F67) -> 1 | C67: =TEXT(Data!F67,"mmm") -> Jan | D67: =Data!O67 -> Female | E67: =Data!G67-Data!F67 -> 1 | F67: =IF(Data!J67<=5,Data!J67,IF(Data!J67<=10,"6 TO 10","More than 10")) -> 4 | G67: =IF(E67>=8,"8+",E67) -> 1 | H67: =ROUND(Data!C67*Data!D67-Data!E67,2) -> 0 | I67: =IF(AND(OR(Sel_Mode="All",Data!I67=Sel_Mode),OR(Sel_Gender="All",D67=Sel_Gender),OR(Sel_Category="All",Data!B67=Sel_Category),OR(Sel_Month="All",C67=Sel_Month),OR(Sel_County="All",Data!L67=Sel_County)),1,0) -> 1
A68: =Data!A68 -> TX500067 | B68: =MONTH(Data!F68) -> 1 | C68: =TEXT(Data!F68,"mmm") -> Jan | D68: =Data!O68 -> Male | E68: =Data!G68-Data!F68 -> 1 | F68: =IF(Data!J68<=5,Data!J68,IF(Data!J68<=10,"6 TO 10","More than 10")) -> 4 | G68: =IF(E68>=8,"8+",E68) -> 1 | H68: =ROUND(Data!C68*Data!D68-Data!E68,2) -> 0 | I68: =IF(AND(OR(Sel_Mode="All",Data!I68=Sel_Mode),OR(Sel_Gender="All",D68=Sel_Gender),OR(Sel_Category="All",Data!B68=Sel_Category),OR(Sel_Month="All",C68=Sel_Month),OR(Sel_County="All",Data!L68=Sel_County)),1,0) -> 1
A69: =Data!A69 -> TX500068 | B69: =MONTH(Data!F69) -> 1 | C69: =TEXT(Data!F69,"mmm") -> Jan | D69: =Data!O69 -> Female | E69: =Data!G69-Data!F69 -> 1 | F69: =IF(Data!J69<=5,Data!J69,IF(Data!J69<=10,"6 TO 10","More than 10")) -> 5 | G69: =IF(E69>=8,"8+",E69) -> 1 | H69: =ROUND(Data!C69*Data!D69-Data!E69,2) -> 0 | I69: =IF(AND(OR(Sel_Mode="All",Data!I69=Sel_Mode),OR(Sel_Gender="All",D69=Sel_Gender),OR(Sel_Category="All",Data!B69=Sel_Category),OR(Sel_Month="All",C69=Sel_Month),OR(Sel_County="All",Data!L69=Sel_County)),1,0) -> 1
A70: =Data!A70 -> TX500069 | B70: =MONTH(Data!F70) -> 1 | C70: =TEXT(Data!F70,"mmm") -> Jan | D70: =Data!O70 -> Female | E70: =Data!G70-Data!F70 -> 2 | F70: =IF(Data!J70<=5,Data!J70,IF(Data!J70<=10,"6 TO 10","More than 10")) -> 3 | G70: =IF(E70>=8,"8+",E70) -> 2 | H70: =ROUND(Data!C70*Data!D70-Data!E70,2) -> 0 | I70: =IF(AND(OR(Sel_Mode="All",Data!I70=Sel_Mode),OR(Sel_Gender="All",D70=Sel_Gender),OR(Sel_Category="All",Data!B70=Sel_Category),OR(Sel_Month="All",C70=Sel_Month),OR(Sel_County="All",Data!L70=Sel_County)),1,0) -> 1
A71: =Data!A71 -> TX500070 | B71: =MONTH(Data!F71) -> 1 | C71: =TEXT(Data!F71,"mmm") -> Jan | D71: =Data!O71 -> Male | E71: =Data!G71-Data!F71 -> 2 | F71: =IF(Data!J71<=5,Data!J71,IF(Data!J71<=10,"6 TO 10","More than 10")) -> 4 | G71: =IF(E71>=8,"8+",E71) -> 2 | H71: =ROUND(Data!C71*Data!D71-Data!E71,2) -> 0 | I71: =IF(AND(OR(Sel_Mode="All",Data!I71=Sel_Mode),OR(Sel_Gender="All",D71=Sel_Gender),OR(Sel_Category="All",Data!B71=Sel_Category),OR(Sel_Month="All",C71=Sel_Month),OR(Sel_County="All",Data!L71=Sel_County)),1,0) -> 1
A72: =Data!A72 -> TX500071 | B72: =MONTH(Data!F72) -> 1 | C72: =TEXT(Data!F72,"mmm") -> Jan | D72: =Data!O72 -> Male | E72: =Data!G72-Data!F72 -> 3 | F72: =IF(Data!J72<=5,Data!J72,IF(Data!J72<=10,"6 TO 10","More than 10")) -> 5 | G72: =IF(E72>=8,"8+",E72) -> 3 | H72: =ROUND(Data!C72*Data!D72-Data!E72,2) -> 0 | I72: =IF(AND(OR(Sel_Mode="All",Data!I72=Sel_Mode),OR(Sel_Gender="All",D72=Sel_Gender),OR(Sel_Category="All",Data!B72=Sel_Category),OR(Sel_Month="All",C72=Sel_Month),OR(Sel_County="All",Data!L72=Sel_County)),1,0) -> 1
A73: =Data!A73 -> TX500072 | B73: =MONTH(Data!F73) -> 1 | C73: =TEXT(Data!F73,"mmm") -> Jan | D73: =Data!O73 -> Female | E73: =Data!G73-Data!F73 -> 3 | F73: =IF(Data!J73<=5,Data!J73,IF(Data!J73<=10,"6 TO 10","More than 10")) -> 5 | G73: =IF(E73>=8,"8+",E73) -> 3 | H73: =ROUND(Data!C73*Data!D73-Data!E73,2) -> 0 | I73: =IF(AND(OR(Sel_Mode="All",Data!I73=Sel_Mode),OR(Sel_Gender="All",D73=Sel_Gender),OR(Sel_Category="All",Data!B73=Sel_Category),OR(Sel_Month="All",C73=Sel_Month),OR(Sel_County="All",Data!L73=Sel_County)),1,0) -> 1
A74: =Data!A74 -> TX500073 | B74: =MONTH(Data!F74) -> 1 | C74: =TEXT(Data!F74,"mmm") -> Jan | D74: =Data!O74 -> Female | E74: =Data!G74-Data!F74 -> 3 | F74: =IF(Data!J74<=5,Data!J74,IF(Data!J74<=10,"6 TO 10","More than 10")) -> 5 | G74: =IF(E74>=8,"8+",E74) -> 3 | H74: =ROUND(Data!C74*Data!D74-Data!E74,2) -> 0 | I74: =IF(AND(OR(Sel_Mode="All",Data!I74=Sel_Mode),OR(Sel_Gender="All",D74=Sel_Gender),OR(Sel_Category="All",Data!B74=Sel_Category),OR(Sel_Month="All",C74=Sel_Month),OR(Sel_County="All",Data!L74=Sel_County)),1,0) -> 1
... A2401: =Data!A2401 -> TX502400 | B2401: =MONTH(Data!F2401) -> 3 | C2401: =TEXT(Data!F2401,"mmm") -> Mar | D2401: =Data!O2401 -> Male | E2401: =Data!G2401-Data!F2401 -> 2 | F2401: =IF(Data!J2401<=5,Data!J2401,IF(Data!J2401<=10,"6 TO 10","More than 10")) -> 5 | G2401: =IF(E2401>=8,"8+",E2401) -> 2 | H2401: =ROUND(Data!C2401*Data!D2401-Data!E2401,2) -> 0 | I2401: =IF(AND(OR(Sel_Mode="All",Data!I2401=Sel_Mode),OR(Sel_Gender="All",D2401=Sel_Gender),OR(Sel_Category="All",Data!B2401=Sel_Category),OR(Sel_Month="All",C2401=Sel_Month),OR(Sel_County="All",Data!L2401=Sel_County)),1,0) -> 1

Sheet Data
A1: TX ID | B1: Product | C1: Quantity | D1: Unit Price | E1: Amount | F1: Order Date | G1: Ship Date | H1: Customer Gender | I1: Order Mode | J1: Rating C | K1: State | L1: County | M1: Days to Deliver | N1: Weeknum | O1: Gender Value
A2: TX500001 | B2: Shorts | C2: 1 | D2: 10.9 | E2: 10.9 | F2: 45658 | G2: 45663 | I2: App | J2: 4 | K2: California | L2: Alpine County | M2: =orders[[#This Row],[Ship Date]]-orders[[#This Row],[Order Date]] -> 5 | N2: =WEEKNUM(orders[[#This Row],[Order Date]],1) -> 1 | O2: {=_xlfn.IFS(orders[[#This Row],[Customer Gender]]="M","Male", orders[[#This Row],[Customer Gender]]="F","Female", orders[[#This Row],[Customer Gender]]="O","Other", TRUE(),"Unknown")} -> Unknown
A3: TX500002 | B3: Tank Tops | C3: 2 | D3: 30.6 | E3: 61.2 | F3: 45658 | G3: 45660 | H3: M | I3: App | J3: 4 | K3: California | L3: Contra Costa County | M3: =orders[[#This Row],[Ship Date]]-orders[[#This Row],[Order Date]] -> 2 | N3: =WEEKNUM(orders[[#This Row],[Order Date]],1) -> 1 | O3: {=_xlfn.IFS(orders[[#This Row],[Customer Gender]]="M","Male", orders[[#This Row],[Customer Gender]]="F","Female", orders[[#This Row],[Customer Gender]]="O","Other", TRUE(),"Unknown")} -> Male
A4: TX500003 | B4: Sneakers | C4: 3 | D4: 109.4 | E4: 328.2 | F4: 45658 | G4: 45661 | H4: F | I4: App | J4: 3 | K4: California | L4: Fresno County | M4: =orders[[#This Row],[Ship Date]]-orders[[#This Row],[Order Date]] -> 3 | N4: =WEEKNUM(orders[[#This Row],[Order Date]],1) -> 1 | O4: {=_xlfn.IFS(orders[[#This Row],[Customer Gender]]="M","Male", orders[[#This Row],[Customer Gender]]="F","Female", orders[[#This Row],[Customer Gender]]="O","Other", TRUE(),"Unknown")} -> Female
A5: TX500004 | B5: Workout Tops | C5: 7 | D5: 37.7 | E5: 263.9 | F5: 45658 | G5: 45659 | H5: F | I5: App | J5: 4 | K5: California | L5: Fresno County | M5: =orders[[#This Row],[Ship Date]]-orders[[#This Row],[Order Date]] -> 1 | N5: =WEEKNUM(orders[[#This Row],[Order Date]],1) -> 1 | O5: {=_xlfn.IFS(orders[[#This Row],[Customer Gender]]="M","Male", orders[[#This Row],[Customer Gender]]="F","Female", orders[[#This Row],[Customer Gender]]="O","Other", TRUE(),"Unknown")} -> Female
A6: TX500005 | B6: Graphic Tees | C6: 3 | D6: 56.7 | E6: 170.1 | F6: 45658 | G6: 45661 | H6: F | I6: App | J6: 5 | K6: California | L6: Los Angeles County | M6: =orders[[#This Row],[Ship Date]]-orders[[#This Row],[Order Date]] -> 3 | N6: =WEEKNUM(orders[[#This Row],[Order Date]],1) -> 1 | O6: {=_xlfn.IFS(orders[[#This Row],[Customer Gender]]="M","Male", orders[[#This Row],[Customer Gender]]="F","Female", orders[[#This Row],[Customer Gender]]="O","Other", TRUE(),"Unknown")} -> Female
A7: TX500006 | B7: Tank Tops | C7: 12 | D7: 83.5 | E7: 1002 | F7: 45658 | G7: 45661 | H7: M | I7: Website | J7: 4 | K7: California | L7: Los Angeles County | M7: =orders[[#This Row],[Ship Date]]-orders[[#This Row],[Order Date]] -> 3 | N7: =WEEKNUM(orders[[#This Row],[Order Date]],1) -> 1 | O7: {=_xlfn.IFS(orders[[#This Row],[Customer Gender]]="M","Male", orders[[#This Row],[Customer Gender]]="F","Female", orders[[#This Row],[Customer Gender]]="O","Other", TRUE(),"Unknown")} -> Male
A8: TX500007 | B8: Sandals | C8: 1 | D8: 55.3 | E8: 55.3 | F8: 45658 | G8: 45659 | H8: F | I8: App | J8: 4 | K8: California | L8: Los Angeles County | M8: =orders[[#This Row],[Ship Date]]-orders[[#This Row],[Order Date]] -> 1 | N8: =WEEKNUM(orders[[#This Row],[Order Date]],1) -> 1 | O8: {=_xlfn.IFS(orders[[#This Row],[Customer Gender]]="M","Male", orders[[#This Row],[Customer Gender]]="F","Female", orders[[#This Row],[Customer Gender]]="O","Other", TRUE(),"Unknown")} -> Female
A9: TX500008 | B9: Jeans | C9: 2 | D9: 40.3 | E9: 80.6 | F9: 45658 | G9: 45659 | H9: M | I9: Target.com | J9: 5 | K9: California | L9: Los Angeles County | M9: =orders[[#This Row],[Ship Date]]-orders[[#This Row],[Order Date]] -> 1 | N9: =WEEKNUM(orders[[#This Row],[Order Date]],1) -> 1 | O9: {=_xlfn.IFS(orders[[#This Row],[Customer Gender]]="M","Male", orders[[#This Row],[Customer Gender]]="F","Female", orders[[#This Row],[Customer Gender]]="O","Other", TRUE(),"Unknown")} -> Male
A10: TX500009 | B10: Hoodies & Sweatshirts | C10: 11 | D10: 35.7 | E10: 392.7 | F10: 45658 | G10: 45659 | H10: F | I10: App | J10: 4 | K10: California | L10: Los Angeles County | M10: =orders[[#This Row],[Ship Date]]-orders[[#This Row],[Order Date]] -> 1 | N10: =WEEKNUM(orders[[#This Row],[Order Date]],1) -> 1 | O10: {=_xlfn.IFS(orders[[#This Row],[Customer Gender]]="M","Male", orders[[#This Row],[Customer Gender]]="F","Female", orders[[#This Row],[Customer Gender]]="O","Other", TRUE(),"Unknown")} -> Female
A11: TX500010 | B11: T-Shirts | C11: 7 | D11: 22.4 | E11: 156.8 | F11: 45658 | G11: 45661 | H11: M | I11: App | J11: 3 | K11: California | L11: Los Angeles County | M11: =orders[[#This Row],[Ship Date]]-orders[[#This Row],[Order Date]] -> 3 | N11: =WEEKNUM(orders[[#This Row],[Order Date]],1) -> 1 | O11: {=_xlfn.IFS(orders[[#This Row],[Customer Gender]]="M","Male", orders[[#This Row],[Customer Gender]]="F","Female", orders[[#This Row],[Customer Gender]]="O","Other", TRUE(),"Unknown")} -> Male
A12: TX500011 | B12: Sundresses | C12: 2 | D12: 54.4 | E12: 108.8 | F12: 45658 | G12: 45664 | H12: F | I12: App | J12: 4 | K12: California | L12: Los Angeles County | M12: =orders[[#This Row],[Ship Date]]-orders[[#This Row],[Order Date]] -> 6 | N12: =WEEKNUM(orders[[#This Row],[Order Date]],1) -> 1 | O12: {=_xlfn.IFS(orders[[#This Row],[Customer Gender]]="M","Male", orders[[#This Row],[Customer Gender]]="F","Female", orders[[#This Row],[Customer Gender]]="O","Other", TRUE(),"Unknown")} -> Female
A13: TX500012 | B13: Sundresses | C13: 2 | D13: 49 | E13: 98 | F13: 45658 | G13: 45660 | H13: F | I13: Target.com | J13: 3 | K13: California | L13: Los Angeles County | M13: =orders[[#This Row],[Ship Date]]-orders[[#This Row],[Order Date]] -> 2 | N13: =WEEKNUM(orders[[#This Row],[Order Date]],1) -> 1 | O13: {=_xlfn.IFS(orders[[#This Row],[Customer Gender]]="M","Male", orders[[#This Row],[Customer Gender]]="F","Female", orders[[#This Row],[Customer Gender]]="O","Other", TRUE(),"Unknown")} -> Female
A14: TX500013 | B14: Sandals | C14: 7 | D14: 118.6 | E14: 830.2 | F14: 45658 | G14: 45662 | H14: F | I14: Website | J14: 4 | K14: California | L14: Nevada County | M14: =orders[[#This Row],[Ship Date]]-orders[[#This Row],[Order Date]] -> 4 | N14: =WEEKNUM(orders[[#This Row],[Order Date]],1) -> 1 | O14: {=_xlfn.IFS(orders[[#This Row],[Customer Gender]]="M","Male", orders[[#This Row],[Customer Gender]]="F","Female", orders[[#This Row],[Customer Gender]]="O","Other", TRUE(),"Unknown")} -> Female
... A28: TX500027 | B28: Tank Tops | C28: 9 | D28: 38.7 | E28: 348.3 | F28: 45658 | G28: 45661 | H28: M | I28: Website | J28: 4 | K28: California | L28: Santa Barbara County | M28: =orders[[#This Row],[Ship Date]]-orders[[#This Row],[Order Date]] -> 3 | N28: =WEEKNUM(orders[[#This Row],[Order Date]],1) -> 1 | O28: {=_xlfn.IFS(orders[[#This Row],[Customer Gender]]="M","Male", orders[[#This Row],[Customer Gender]]="F","Female", orders[[#This Row],[Customer Gender]]="O","Other", TRUE(),"Unknown")} -> Male
A29: TX500028 | B29: Tote Bags | C29: 4 | D29: 57.2 | E29: 228.8 | F29: 45658 | G29: 45660 | I29: Website | J29: 5 | K29: California | L29: Santa Clara County | M29: =orders[[#This Row],[Ship Date]]-orders[[#This Row],[Order Date]] -> 2 | N29: =WEEKNUM(orders[[#This Row],[Order Date]],1) -> 1 | O29: {=_xlfn.IFS(orders[[#This Row],[Customer Gender]]="M","Male", orders[[#This Row],[Customer Gender]]="F","Female", orders[[#This Row],[Customer Gender]]="O","Other", TRUE(),"Unknown")} -> Unknown
A30: TX500029 | B30: Jeans | C30: 5 | D30: 50.9 | E30: 254.5 | F30: 45658 | G30: 45664 | I30: Website | J30: 5 | K30: California | L30: Tehama County | M30: =orders[[#This Row],[Ship Date]]-orders[[#This Row],[Order Date]] -> 6 | N30: =WEEKNUM(orders[[#This Row],[Order Date]],1) -> 1 | O30: {=_xlfn.IFS(orders[[#This Row],[Customer Gender]]="M","Male", orders[[#This Row],[Customer Gender]]="F","Female", orders[[#This Row],[Customer Gender]]="O","Other", TRUE(),"Unknown")} -> Unknown
A31: TX500030 | B31: Baseball Caps | C31: 7 | D31: 41 | E31: 287 | F31: 45658 | G31: 45662 | H31: F | I31: Website | J31: 4 | K31: California | L31: Ventura County | M31: =orders[[#This Row],[Ship Date]]-orders[[#This Row],[Order Date]] -> 4 | N31: =WEEKNUM(orders[[#This Row],[Order Date]],1) -> 1 | O31: {=_xlfn.IFS(orders[[#This Row],[Customer Gender]]="M","Male", orders[[#This Row],[Customer Gender]]="F","Female", orders[[#This Row],[Customer Gender]]="O","Other", TRUE(),"Unknown")} -> Female
A32: TX500031 | B32: T-Shirts | C32: 7 | D32: 19.1 | E32: 133.7 | F32: 45658 | G32: 45662 | H32: M | I32: App | J32: 5 | K32: California | L32: Calaveras County | M32: =orders[[#This Row],[Ship Date]]-orders[[#This Row],[Order Date]] -> 4 | N32: =WEEKNUM(orders[[#This Row],[Order Date]],1) -> 1 | O32: {=_xlfn.IFS(orders[[#This Row],[Customer Gender]]="M","Male", orders[[#This Row],[Customer Gender]]="F","Female", orders[[#This Row],[Customer Gender]]="O","Other", TRUE(),"Unknown")} -> Male
A33: TX500032 | B33: Sneakers | C33: 5 | D33: 166.1 | E33: 830.5 | F33: 45658 | G33: 45661 | H33: M | I33: App | J33: 4 | K33: California | L33: Inyo County | M33: =orders[[#This Row],[Ship Date]]-orders[[#This Row],[Order Date]] -> 3 | N33: =WEEKNUM(orders[[#This Row],[Order Date]],1) -> 1 | O33: {=_xlfn.IFS(orders[[#This Row],[Customer Gender]]="M","Male", orders[[#This Row],[Customer Gender]]="F","Female", orders[[#This Row],[Customer Gender]]="O","Other", TRUE(),"Unknown")} -> Male
A34: TX500033 | B34: Graphic Tees | C34: 3 | D34: 29.9 | E34: 89.7 | F34: 45658 | G34: 45659 | H34: M | I34: Instagram | J34: 4 | K34: California | L34: Los Angeles County | M34: =orders[[#This Row],[Ship Date]]-orders[[#This Row],[Order Date]] -> 1 | N34: =WEEKNUM(orders[[#This Row],[Order Date]],1) -> 1 | O34: {=_xlfn.IFS(orders[[#This Row],[Customer Gender]]="M","Male", orders[[#This Row],[Customer Gender]]="F","Female", orders[[#This Row],[Customer Gender]]="O","Other", TRUE(),"Unknown")} -> Male
A35: TX500034 | B35: Bikinis | C35: 6 | D35: 21.7 | E35: 130.2 | F35: 45658 | G35: 45660 | H35: O | I35: Target.com | J35: 5 | K35: California | L35: Los Angeles County | M35: =orders[[#This Row],[Ship Date]]-orders[[#This Row],[Order Date]] -> 2 | N35: =WEEKNUM(orders[[#This Row],[Order Date]],1) -> 1 | O35: {=_xlfn.IFS(orders[[#This Row],[Customer Gender]]="M","Male", orders[[#This Row],[Customer Gender]]="F","Female", orders[[#This Row],[Customer Gender]]="O","Other", TRUE(),"Unknown")} -> Other
A36: TX500035 | B36: Maxi Dresses | C36: 2 | D36: 32 | E36: 64 | F36: 45658 | G36: 45661 | H36: M | I36: App | J36: 5 | K36: California | L36: Los Angeles County | M36: =orders[[#This Row],[Ship Date]]-orders[[#This Row],[Order Date]] -> 3 | N36: =WEEKNUM(orders[[#This Row],[Order Date]],1) -> 1 | O36: {=_xlfn.IFS(orders[[#This Row],[Customer Gender]]="M","Male", orders[[#This Row],[Customer Gender]]="F","Female", orders[[#This Row],[Customer Gender]]="O","Other", TRUE(),"Unknown")} -> Male
A37: TX500036 | B37: T-Shirts | C37: 2 | D37: 15.8 | E37: 31.6 | F37: 45658 | G37: 45659 | H37: M | I37: Partner App | J37: 5 | K37: California | L37: Los Angeles County | M37: =orders[[#This Row],[Ship Date]]-orders[[#This Row],[Order Date]] -> 1 | N37: =WEEKNUM(orders[[#This Row],[Order Date]],1) -> 1 | O37: {=_xlfn.IFS(orders[[#This Row],[Customer Gender]]="M","Male", orders[[#This Row],[Customer Gender]]="F","Female", orders[[#This Row],[Customer Gender]]="O","Other", TRUE(),"Unknown")} -> Male
A38: TX500037 | B38: Sneakers | C38: 17 | D38: 203.1 | E38: 3452.7 | F38: 45658 | G38: 45662 | H38: M | I38: Instagram | J38: 3 | K38: California | L38: Los Angeles County | M38: =orders[[#This Row],[Ship Date]]-orders[[#This Row],[Order Date]] -> 4 | N38: =WEEKNUM(orders[[#This Row],[Order Date]],1) -> 1 | O38: {=_xlfn.IFS(orders[[#This Row],[Customer Gender]]="M","Male", orders[[#This Row],[Customer Gender]]="F","Female", orders[[#This Row],[Customer Gender]]="O","Other", TRUE(),"Unknown")} -> Male
A39: TX500038 | B39: Hoodies & Sweatshirts | C39: 13 | D39: 39 | E39: 507 | F39: 45658 | G39: 45664 | H39: M | I39: App | J39: 5 | K39: California | L39: Los Angeles County | M39: =orders[[#This Row],[Ship Date]]-orders[[#This Row],[Order Date]] -> 6 | N39: =WEEKNUM(orders[[#This Row],[Order Date]],1) -> 1 | O39: {=_xlfn.IFS(orders[[#This Row],[Customer Gender]]="M","Male", orders[[#This Row],[Customer Gender]]="F","Female", orders[[#This Row],[Customer Gender]]="O","Other", TRUE(),"Unknown")} -> Male
A40: TX500039 | B40: Bikinis | C40: 1 | D40: 26.5 | E40: 26.5 | F40: 45659 | G40: 45660 | H40: M | I40: Target.com | J40: 4 | K40: California | L40: Los Angeles County | M40: =orders[[#This Row],[Ship Date]]-orders[[#This Row],[Order Date]] -> 1 | N40: =WEEKNUM(orders[[#This Row],[Order Date]],1) -> 1 | O40: {=_xlfn.IFS(orders[[#This Row],[Customer Gender]]="M","Male", orders[[#This Row],[Customer Gender]]="F","Female", orders[[#This Row],[Customer Gender]]="O","Other", TRUE(),"Unknown")} -> Male
A41: TX500040 | B41: Sandals | C41: 1 | D41: 43.1 | E41: 43.1 | F41: 45659 | G41: 45660 | H41: F | I41: Target.com | J41: 3 | K41: California | L41: Los Angeles County | M41: =orders[[#This Row],[Ship Date]]-orders[[#This Row],[Order Date]] -> 1 | N41: =WEEKNUM(orders[[#This Row],[Order Date]],1) -> 1 | O41: {=_xlfn.IFS(orders[[#This Row],[Customer Gender]]="M","Male", orders[[#This Row],[Customer Gender]]="F","Female", orders[[#This Row],[Customer Gender]]="O","Other", TRUE(),"Unknown")} -> Female
A42: TX500041 | B42: Tank Tops | C42: 3 | D42: 139 | E42: 417 | F42: 45659 | G42: 45660 | H42: F | I42: Partner App | J42: 5 | K42: California | L42: Los Angeles County | M42: =orders[[#This Row],[Ship Date]]-orders[[#This Row],[Order Date]] -> 1 | N42: =WEEKNUM(orders[[#This Row],[Order Date]],1) -> 1 | O42: {=_xlfn.IFS(orders[[#This Row],[Customer Gender]]="M","Male", orders[[#This Row],[Customer Gender]]="F","Female", orders[[#This Row],[Customer Gender]]="O","Other", TRUE(),"Unknown")} -> Female
... A91: TX500090 | B91: Sneakers | C91: 1 | D91: 97.7 | E91: 97.7 | F91: 45661 | G91: 45664 | H91: F | I91: Website | J91: 4 | K91: California | L91: Los Angeles County | M91: =orders[[#This Row],[Ship Date]]-orders[[#This Row],[Order Date]] -> 3 | N91: =WEEKNUM(orders[[#This Row],[Order Date]],1) -> 1 | O91: {=_xlfn.IFS(orders[[#This Row],[Customer Gender]]="M","Male", orders[[#This Row],[Customer Gender]]="F","Female", orders[[#This Row],[Customer Gender]]="O","Other", TRUE(),"Unknown")} -> Female
A92: TX500091 | B92: Sundresses | C92: 5 | D92: 54.7 | E92: 273.5 | F92: 45661 | G92: 45664 | I92: App | J92: 5 | K92: California | L92: Riverside County | M92: =orders[[#This Row],[Ship Date]]-orders[[#This Row],[Order Date]] -> 3 | N92: =WEEKNUM(orders[[#This Row],[Order Date]],1) -> 1 | O92: {=_xlfn.IFS(orders[[#This Row],[Customer Gender]]="M","Male", orders[[#This Row],[Customer Gender]]="F","Female", orders[[#This Row],[Customer Gender]]="O","Other", TRUE(),"Unknown")} -> Unknown
A93: TX500092 | B93: Sneakers | C93: 6 | D93: 130.5 | E93: 783 | F93: 45661 | G93: 45663 | H93: F | I93: App | J93: 3 | K93: California | L93: Riverside County | M93: =orders[[#This Row],[Ship Date]]-orders[[#This Row],[Order Date]] -> 2 | N93: =WEEKNUM(orders[[#This Row],[Order Date]],1) -> 1 | O93: {=_xlfn.IFS(orders[[#This Row],[Customer Gender]]="M","Male", orders[[#This Row],[Customer Gender]]="F","Female", orders[[#This Row],[Customer Gender]]="O","Other", TRUE(),"Unknown")} -> Female
A94: TX500093 | B94: Maxi Dresses | C94: 2 | D94: 50.4 | E94: 100.8 | F94: 45661 | G94: 45663 | H94: M | I94: Target.com | J94: 5 | K94: California | L94: Sacramento County | M94: =orders[[#This Row],[Ship Date]]-orders[[#This Row],[Order Date]] -> 2 | N94: =WEEKNUM(orders[[#This Row],[Order Date]],1) -> 1 | O94: {=_xlfn.IFS(orders[[#This Row],[Customer Gender]]="M","Male", orders[[#This Row],[Customer Gender]]="F","Female", orders[[#This Row],[Customer Gender]]="O","Other", TRUE(),"Unknown")} -> Male
A95: TX500094 | B95: Jeans | C95: 13 | D95: 61.5 | E95: 799.5 | F95: 45661 | G95: 45662 | I95: Instagram | J95: 3 | K95: California | L95: Santa Clara County | M95: =orders[[#This Row],[Ship Date]]-orders[[#This Row],[Order Date]] -> 1 | N95: =WEEKNUM(orders[[#This Row],[Order Date]],1) -> 1 | O95: {=_xlfn.IFS(orders[[#This Row],[Customer Gender]]="M","Male", orders[[#This Row],[Customer Gender]]="F","Female", orders[[#This Row],[Customer Gender]]="O","Other", TRUE(),"Unknown")} -> Unknown
A96: TX500095 | B96: Sundresses | C96: 4 | D96: 30.1 | E96: 120.4 | F96: 45661 | G96: 45662 | H96: F | I96: App | J96: 5 | K96: California | L96: Alameda County | M96: =orders[[#This Row],[Ship Date]]-orders[[#This Row],[Order Date]] -> 1 | N96: =WEEKNUM(orders[[#This Row],[Order Date]],1) -> 1 | O96: {=_xlfn.IFS(orders[[#This Row],[Customer Gender]]="M","Male", orders[[#This Row],[Customer Gender]]="F","Female", orders[[#This Row],[Customer Gender]]="O","Other", TRUE(),"Unknown")} -> Female
A97: TX500096 | B97: Sneakers | C97: 5 | D97: 74.8 | E97: 374 | F97: 45661 | G97: 45662 | H97: F | I97: Website | J97: 4 | K97: California | L97: Contra Costa County | M97: =orders[[#This Row],[Ship Date]]-orders[[#This Row],[Order Date]] -> 1 | N97: =WEEKNUM(orders[[#This Row],[Order Date]],1) -> 1 | O97: {=_xlfn.IFS(orders[[#This Row],[Customer Gender]]="M","Male", orders[[#This Row],[Customer Gender]]="F","Female", orders[[#This Row],[Customer Gender]]="O","Other", TRUE(),"Unknown")} -> Female
A98: TX500097 | B98: Sunglasses | C98: 3 | D98: 64.9 | E98: 194.7 | F98: 45661 | G98: 45668 | H98: M | I98: App | J98: 4 | K98: California | L98: Fresno County | M98: =orders[[#This Row],[Ship Date]]-orders[[#This Row],[Order Date]] -> 7 | N98: =WEEKNUM(orders[[#This Row],[Order Date]],1) -> 1 | O98: {=_xlfn.IFS(orders[[#This Row],[Customer Gender]]="M","Male", orders[[#This Row],[Customer Gender]]="F","Female", orders[[#This Row],[Customer Gender]]="O","Other", TRUE(),"Unknown")} -> Male
A99: TX500098 | B99: Sundresses | C99: 2 | D99: 50.5 | E99: 101 | F99: 45661 | G99: 45663 | H99: M | I99: Website | J99: 4 | K99: California | L99: Kern County | M99: =orders[[#This Row],[Ship Date]]-orders[[#This Row],[Order Date]] -> 2 | N99: =WEEKNUM(orders[[#This Row],[Order Date]],1) -> 1 | O99: {=_xlfn.IFS(orders[[#This Row],[Customer Gender]]="M","Male", orders[[#This Row],[Customer Gender]]="F","Female", orders[[#This Row],[Customer Gender]]="O","Other", TRUE(),"Unknown")} -> Male
A100: TX500099 | B100: Maxi Dresses | C100: 7 | D100: 63 | E100: 441 | F100: 45661 | G100: 45664 | H100: M | I100: Instagram | J100: 5 | K100: California | L100: Los Angeles County | M100: =orders[[#This Row],[Ship Date]]-orders[[#This Row],[Order Date]] -> 3 | N100: =WEEKNUM(orders[[#This Row],[Order Date]],1) -> 1 | O100: {=_xlfn.IFS(orders[[#This Row],[Customer Gender]]="M","Male", orders[[#This Row],[Customer Gender]]="F","Female", orders[[#This Row],[Customer Gender]]="O","Other", TRUE(),"Unknown")} -> Male
A101: TX500100 | B101: Sneakers | C101: 3 | D101: 93.6 | E101: 280.8 | F101: 45661 | G101: 45674 | H101: F | I101: App | J101: 5 | K101: California | L101: Los Angeles County | M101: =orders[[#This Row],[Ship Date]]-orders[[#This Row],[Order Date]] -> 13 | N101: =WEEKNUM(orders[[#This Row],[Order Date]],1) -> 1 | O101: {=_xlfn.IFS(orders[[#This Row],[Customer Gender]]="M","Male", orders[[#This Row],[Customer Gender]]="F","Female", orders[[#This Row],[Customer Gender]]="O","Other", TRUE(),"Unknown")} -> Female
A102: TX500101 | B102: Sandals | C102: 30 | D102: 41.4 | E102: 1242 | F102: 45661 | G102: 45665 | H102: M | I102: Target.com | J102: 5 | K102: California | L102: Los Angeles County | M102: =orders[[#This Row],[Ship Date]]-orders[[#This Row],[Order Date]] -> 4 | N102: =WEEKNUM(orders[[#This Row],[Order Date]],1) -> 1 | O102: {=_xlfn.IFS(orders[[#This Row],[Customer Gender]]="M","Male", orders[[#This Row],[Customer Gender]]="F","Female", orders[[#This Row],[Customer Gender]]="O","Other", TRUE(),"Unknown")} -> Male
A103: TX500102 | B103: Sneakers | C103: 2 | D103: 160 | E103: 320 | F103: 45662 | G103: 45663 | H103: M | I103: Target.com | J103: 5 | K103: California | L103: Placer County | M103: =orders[[#This Row],[Ship Date]]-orders[[#This Row],[Order Date]] -> 1 | N103: =WEEKNUM(orders[[#This Row],[Order Date]],1) -> 2 | O103: {=_xlfn.IFS(orders[[#This Row],[Customer Gender]]="M","Male", orders[[#This Row],[Customer Gender]]="F","Female", orders[[#This Row],[Customer Gender]]="O","Other", TRUE(),"Unknown")} -> Male
A104: TX500103 | B104: Jewelry | C104: 11 | D104: 10.5 | E104: 115.5 | F104: 45662 | G104: 45665 | H104: F | I104: Partner App | J104: 4 | K104: California | L104: San Diego County | M104: =orders[[#This Row],[Ship Date]]-orders[[#This Row],[Order Date]] -> 3 | N104: =WEEKNUM(orders[[#This Row],[Order Date]],1) -> 2 | O104: {=_xlfn.IFS(orders[[#This Row],[Customer Gender]]="M","Male", orders[[#This Row],[Customer Gender]]="F","Female", orders[[#This Row],[Customer Gender]]="O","Other", TRUE(),"Unknown")} -> Female
A105: TX500104 | B105: Bikinis | C105: 2 | D105: 53 | E105: 106 | F105: 45662 | G105: 45662 | H105: M | I105: Target.com | J105: 2 | K105: California | L105: San Francisco | M105: =orders[[#This Row],[Ship Date]]-orders[[#This Row],[Order Date]] -> 0 | N105: =WEEKNUM(orders[[#This Row],[Order Date]],1) -> 2 | O105: {=_xlfn.IFS(orders[[#This Row],[Customer Gender]]="M","Male", orders[[#This Row],[Customer Gender]]="F","Female", orders[[#This Row],[Customer Gender]]="O","Other", TRUE(),"Unknown")} -> Male
A106: TX500105 | B106: T-Shirts | C106: 3 | D106: 18.5 | E106: 55.5 | F106: 45662 | G106: 45667 | H106: F | I106: Website | J106: 5 | K106: California | L106: Santa Clara County | M106: =orders[[#This Row],[Ship Date]]-orders[[#This Row],[Order Date]] -> 5 | N106: =WEEKNUM(orders[[#This Row],[Order Date]],1) -> 2 | O106: {=_xlfn.IFS(orders[[#This Row],[Customer Gender]]="M","Male", orders[[#This Row],[Customer Gender]]="F","Female", orders[[#This Row],[Customer Gender]]="O","Other", TRUE(),"Unknown")} -> Female
A107: TX500106 | B107: Sunglasses | C107: 3 | D107: 84.5 | E107: 253.5 | F107: 45662 | G107: 45664 | H107: F | I107: Partner App | J107: 3 | K107: California | L107: Ventura County | M107: =orders[[#This Row],[Ship Date]]-orders[[#This Row],[Order Date]] -> 2 | N107: =WEEKNUM(orders[[#This Row],[Order Date]],1) -> 2 | O107: {=_xlfn.IFS(orders[[#This Row],[Customer Gender]]="M","Male", orders[[#This Row],[Customer Gender]]="F","Female", orders[[#This Row],[Customer Gender]]="O","Other", TRUE(),"Unknown")} -> Female
... A121: TX500120 | B121: Tank Tops | C121: 3 | D121: 73 | E121: 219 | F121: 45662 | G121: 45663 | H121: F | I121: Instagram | J121: 3 | K121: California | L121: Sacramento County | M121: =orders[[#This Row],[Ship Date]]-orders[[#This Row],[Order Date]] -> 1 | N121: =WEEKNUM(orders[[#This Row],[Order Date]],1) -> 2 | O121: {=_xlfn.IFS(orders[[#This Row],[Customer Gender]]="M","Male", orders[[#This Row],[Customer Gender]]="F","Female", orders[[#This Row],[Customer Gender]]="O","Other", TRUE(),"Unknown")} -> Female
A122: TX500121 | B122: Jeans | C122: 3 | D122: 44.3 | E122: 132.9 | F122: 45662 | G122: 45666 | I122: Target.com | J122: 5 | K122: California | L122: Sacramento County | M122: =orders[[#This Row],[Ship Date]]-orders[[#This Row],[Order Date]] -> 4 | N122: =WEEKNUM(orders[[#This Row],[Order Date]],1) -> 2 | O122: {=_xlfn.IFS(orders[[#This Row],[Customer Gender]]="M","Male", orders[[#This Row],[Customer Gender]]="F","Female", orders[[#This Row],[Customer Gender]]="O","Other", TRUE(),"Unknown")} -> Unknown
A123: TX500122 | B123: Jeans | C123: 3 | D123: 63.3 | E123: 189.9 | F123: 45662 | G123: 45663 | H123: M | I123: Target.com | J123: 4 | K123: California | L123: Sacramento County | M123: =orders[[#This Row],[Ship Date]]-orders[[#This Row],[Order Date]] -> 1 | N123: =WEEKNUM(orders[[#This Row],[Order Date]],1) -> 2 | O123: {=_xlfn.IFS(orders[[#This Row],[Customer Gender]]="M","Male", orders[[#This Row],[Customer Gender]]="F","Female", orders[[#This Row],[Customer Gender]]="O","Other", TRUE(),"Unknown")} -> Male
A124: TX500123 | B124: Casual Dresses | C124: 1 | D124: 66.8 | E124: 66.8 | F124: 45662 | G124: 45663 | H124: F | I124: Website | J124: 4 | K124: California | L124: Sacramento County | M124: =orders[[#This Row],[Ship Date]]-orders[[#This Row],[Order Date]] -> 1 | N124: =WEEKNUM(orders[[#This Row],[Order Date]],1) -> 2 | O124: {=_xlfn.IFS(orders[[#This Row],[Customer Gender]]="M","Male", orders[[#This Row],[Customer Gender]]="F","Female", orders[[#This Row],[Customer Gender]]="O","Other", TRUE(),"Unknown")} -> Female
A125: TX500124 | B125: Sneakers | C125: 2 | D125: 59.7 | E125: 119.4 | F125: 45662 | G125: 45663 | H125: F | I125: App | J125: 4 | K125: California | L125: San Bernardino County | M125: =orders[[#This Row],[Ship Date]]-orders[[#This Row],[Order Date]] -> 1 | N125: =WEEKNUM(orders[[#This Row],[Order Date]],1) -> 2 | O125: {=_xlfn.IFS(orders[[#This Row],[Customer Gender]]="M","Male", orders[[#This Row],[Customer Gender]]="F","Female", orders[[#This Row],[Customer Gender]]="O","Other", TRUE(),"Unknown")} -> Female
A126: TX500125 | B126: Tank Tops | C126: 6 | D126: 92 | E126: 552 | F126: 45662 | G126: 45664 | H126: M | I126: App | J126: 2 | K126: California | L126: San Bernardino County | M126: =orders[[#This Row],[Ship Date]]-orders[[#This Row],[Order Date]] -> 2 | N126: =WEEKNUM(orders[[#This Row],[Order Date]],1) -> 2 | O126: {=_xlfn.IFS(orders[[#This Row],[Customer Gender]]="M","Male", orders[[#This Row],[Customer Gender]]="F","Female", orders[[#This Row],[Customer Gender]]="O","Other", TRUE(),"Unknown")} -> Male
A127: TX500126 | B127: Hoodies & Sweatshirts | C127: 2 | D127: 87.6 | E127: 175.2 | F127: 45662 | G127: 45664 | H127: M | I127: Website | J127: 3 | K127: California | L127: San Diego County | M127: =orders[[#This Row],[Ship Date]]-orders[[#This Row],[Order Date]] -> 2 | N127: =WEEKNUM(orders[[#This Row],[Order Date]],1) -> 2 | O127: {=_xlfn.IFS(orders[[#This Row],[Customer Gender]]="M","Male", orders[[#This Row],[Customer Gender]]="F","Female", orders[[#This Row],[Customer Gender]]="O","Other", TRUE(),"Unknown")} -> Male
A128: TX500127 | B128: Jeans | C128: 3 | D128: 84.5 | E128: 253.5 | F128: 45662 | G128: 45663 | H128: F | I128: Website | J128: 3 | K128: California | L128: San Diego County | M128: =orders[[#This Row],[Ship Date]]-orders[[#This Row],[Order Date]] -> 1 | N128: =WEEKNUM(orders[[#This Row],[Order Date]],1) -> 2 | O128: {=_xlfn.IFS(orders[[#This Row],[Customer Gender]]="M","Male", orders[[#This Row],[Customer Gender]]="F","Female", orders[[#This Row],[Customer Gender]]="O","Other", TRUE(),"Unknown")} -> Female
A129: TX500128 | B129: Tank Tops | C129: 2 | D129: 116.3 | E129: 232.6 | F129: 45663 | G129: 45665 | H129: M | I129: Target.com | J129: 5 | K129: California | L129: San Diego County | M129: =orders[[#This Row],[Ship Date]]-orders[[#This Row],[Order Date]] -> 2 | N129: =WEEKNUM(orders[[#This Row],[Order Date]],1) -> 2 | O129: {=_xlfn.IFS(orders[[#This Row],[Customer Gender]]="M","Male", orders[[#This Row],[Customer Gender]]="F","Female", orders[[#This Row],[Customer Gender]]="O","Other", TRUE(),"Unknown")} -> Male
A130: TX500129 | B130: Jeans | C130: 5 | D130: 52.7 | E130: 263.5 | F130: 45663 | G130: 45667 | H130: M | I130: App | J130: 4 | K130: California | L130: San Diego County | M130: =orders[[#This Row],[Ship Date]]-orders[[#This Row],[Order Date]] -> 4 | N130: =WEEKNUM(orders[[#This Row],[Order Date]],1) -> 2 | O130: {=_xlfn.IFS(orders[[#This Row],[Customer Gender]]="M","Male", orders[[#This Row],[Customer Gender]]="F","Female", orders[[#This Row],[Customer Gender]]="O","Other", TRUE(),"Unknown")} -> Male
A131: TX500130 | B131: Sunglasses | C131: 3 | D131: 34.2 | E131: 102.6 | F131: 45663 | G131: 45664 | H131: M | I131: App | J131: 5 | K131: California | L131: San Joaquin County | M131: =orders[[#This Row],[Ship Date]]-orders[[#This Row],[Order Date]] -> 1 | N131: =WEEKNUM(orders[[#This Row],[Order Date]],1) -> 2 | O131: {=_xlfn.IFS(orders[[#This Row],[Customer Gender]]="M","Male", orders[[#This Row],[Customer Gender]]="F","Female", orders[[#This Row],[Customer Gender]]="O","Other", TRUE(),"Unknown")} -> Male
A132: TX500131 | B132: Sundresses | C132: 1 | D132: 23.3 | E132: 23.3 | F132: 45663 | G132: 45672 | H132: O | I132: Target.com | J132: 5 | K132: California | L132: San Mateo County | M132: =orders[[#This Row],[Ship Date]]-orders[[#This Row],[Order Date]] -> 9 | N132: =WEEKNUM(orders[[#This Row],[Order Date]],1) -> 2 | O132: {=_xlfn.IFS(orders[[#This Row],[Customer Gender]]="M","Male", orders[[#This Row],[Customer Gender]]="F","Female", orders[[#This Row],[Customer Gender]]="O","Other", TRUE(),"Unknown")} -> Other
A133: TX500132 | B133: Shorts | C133: 26 | D133: 25.9 | E133: 673.4 | F133: 45663 | G133: 45666 | H133: F | I133: Partner App | J133: 3 | K133: California | L133: San Mateo County | M133: =orders[[#This Row],[Ship Date]]-orders[[#This Row],[Order Date]] -> 3 | N133: =WEEKNUM(orders[[#This Row],[Order Date]],1) -> 2 | O133: {=_xlfn.IFS(orders[[#This Row],[Customer Gender]]="M","Male", orders[[#This Row],[Customer Gender]]="F","Female", orders[[#This Row],[Customer Gender]]="O","Other", TRUE(),"Unknown")} -> Female
A134: TX500133 | B134: Jeans | C134: 29 | D134: 54.9 | E134: 1592.1 | F134: 45663 | G134: 45664 | H134: M | I134: Website | J134: 5 | K134: California | L134: San Mateo County | M134: =orders[[#This Row],[Ship Date]]-orders[[#This Row],[Order Date]] -> 1 | N134: =WEEKNUM(orders[[#This Row],[Order Date]],1) -> 2 | O134: {=_xlfn.IFS(orders[[#This Row],[Customer Gender]]="M","Male", orders[[#This Row],[Customer Gender]]="F","Female", orders[[#This Row],[Customer Gender]]="O","Other", TRUE(),"Unknown")} -> Male
... A142: TX500141 | B142: Sneakers | C142: 6 | D142: 139.6 | E142: 837.6 | F142: 45663 | G142: 45666 | H142: M | I142: App | J142: 4 | K142: California | L142: Los Angeles County | M142: =orders[[#This Row],[Ship Date]]-orders[[#This Row],[Order Date]] -> 3 | N142: =WEEKNUM(orders[[#This Row],[Order Date]],1) -> 2 | O142: {=_xlfn.IFS(orders[[#This Row],[Customer Gender]]="M","Male", orders[[#This Row],[Customer Gender]]="F","Female", orders[[#This Row],[Customer Gender]]="O","Other", TRUE(),"Unknown")} -> Male
A143: TX500142 | B143: Sundresses | C143: 1 | D143: 31.7 | E143: 31.7 | F143: 45663 | G143: 45663 | I143: App | J143: 4 | K143: California | L143: Los Angeles County | M143: =orders[[#This Row],[Ship Date]]-orders[[#This Row],[Order Date]] -> 0 | N143: =WEEKNUM(orders[[#This Row],[Order Date]],1) -> 2 | O143: {=_xlfn.IFS(orders[[#This Row],[Customer Gender]]="M","Male", orders[[#This Row],[Customer Gender]]="F","Female", orders[[#This Row],[Customer Gender]]="O","Other", TRUE(),"Unknown")} -> Unknown
A144: TX500143 | B144: T-Shirts | C144: 8 | D144: 26.3 | E144: 210.4 | F144: 45663 | G144: 45666 | H144: F | I144: Partner App | J144: 2 | K144: California | L144: Los Angeles County | M144: =orders[[#This Row],[Ship Date]]-orders[[#This Row],[Order Date]] -> 3 | N144: =WEEKNUM(orders[[#This Row],[Order Date]],1) -> 2 | O144: {=_xlfn.IFS(orders[[#This Row],[Customer Gender]]="M","Male", orders[[#This Row],[Customer Gender]]="F","Female", orders[[#This Row],[Customer Gender]]="O","Other", TRUE(),"Unknown")} -> Female
A145: TX500144 | B145: Graphic Tees | C145: 2 | D145: 47.8 | E145: 95.6 | F145: 45663 | G145: 45664 | I145: App | J145: 4 | K145: California | L145: Los Angeles County | M145: =orders[[#This Row],[Ship Date]]-orders[[#This Row],[Order Date]] -> 1 | N145: =WEEKNUM(orders[[#This Row],[Order Date]],1) -> 2 | O145: {=_xlfn.IFS(orders[[#This Row],[Customer Gender]]="M","Male", orders[[#This Row],[Customer Gender]]="F","Female", orders[[#This Row],[Customer Gender]]="O","Other", TRUE(),"Unknown")} -> Unknown
A146: TX500145 | B146: Sundresses | C146: 3 | D146: 69.4 | E146: 208.2 | F146: 45663 | G146: 45667 | H146: F | I146: App | J146: 4 | K146: California | L146: Los Angeles County | M146: =orders[[#This Row],[Ship Date]]-orders[[#This Row],[Order Date]] -> 4 | N146: =WEEKNUM(orders[[#This Row],[Order Date]],1) -> 2 | O146: {=_xlfn.IFS(orders[[#This Row],[Customer Gender]]="M","Male", orders[[#This Row],[Customer Gender]]="F","Female", orders[[#This Row],[Customer Gender]]="O","Other", TRUE(),"Unknown")} -> Female
A147: TX500146 | B147: Leggings | C147: 12 | D147: 25.8 | E147: 309.6 | F147: 45663 | G147: 45664 | H147: M | I147: Partner App | J147: 2 | K147: California | L147: Los Angeles County | M147: =orders[[#This Row],[Ship Date]]-orders[[#This Row],[Order Date]] -> 1 | N147: =WEEKNUM(orders[[#This Row],[Order Date]],1) -> 2 | O147: {=_xlfn.IFS(orders[[#This Row],[Customer Gender]]="M","Male", orders[[#This Row],[Customer Gender]]="F","Female", orders[[#This Row],[Customer Gender]]="O","Other", TRUE(),"Unknown")} -> Male
A148: TX500147 | B148: Shorts | C148: 4 | D148: 26.4 | E148: 105.6 | F148: 45663 | G148: 45664 | H148: M | I148: Website | J148: 5 | K148: California | L148: Los Angeles County | M148: =orders[[#This Row],[Ship Date]]-orders[[#This Row],[Order Date]] -> 1 | N148: =WEEKNUM(orders[[#This Row],[Order Date]],1) -> 2 | O148: {=_xlfn.IFS(orders[[#This Row],[Customer Gender]]="M","Male", orders[[#This Row],[Customer Gender]]="F","Female", orders[[#This Row],[Customer Gender]]="O","Other", TRUE(),"Unknown")} -> Male
A149: TX500148 | B149: T-Shirts | C149: 4 | D149: 15.7 | E149: 62.8 | F149: 45663 | G149: 45664 | H149: M | I149: Target.com | J149: 4 | K149: California | L149: Los Angeles County | M149: =orders[[#This Row],[Ship Date]]-orders[[#This Row],[Order Date]] -> 1 | N149: =WEEKNUM(orders[[#This Row],[Order Date]],1) -> 2 | O149: {=_xlfn.IFS(orders[[#This Row],[Customer Gender]]="M","Male", orders[[#This Row],[Customer Gender]]="F","Female", orders[[#This Row],[Customer Gender]]="O","Other", TRUE(),"Unknown")} -> Male
A150: TX500149 | B150: T-Shirts | C150: 1 | D150: 39.7 | E150: 39.7 | F150: 45663 | G150: 45667 | H150: M | I150: App | J150: 4 | K150: California | L150: Los Angeles County | M150: =orders[[#This Row],[Ship Date]]-orders[[#This Row],[Order Date]] -> 4 | N150: =WEEKNUM(orders[[#This Row],[Order Date]],1) -> 2 | O150: {=_xlfn.IFS(orders[[#This Row],[Customer Gender]]="M","Male", orders[[#This Row],[Customer Gender]]="F","Female", orders[[#This Row],[Customer Gender]]="O","Other", TRUE(),"Unknown")} -> Male
A151: TX500150 | B151: Bikinis | C151: 4 | D151: 31.1 | E151: 124.4 | F151: 45663 | G151: 45665 | H151: F | I151: Target.com | J151: 3 | K151: California | L151: Los Angeles County | M151: =orders[[#This Row],[Ship Date]]-orders[[#This Row],[Order Date]] -> 2 | N151: =WEEKNUM(orders[[#This Row],[Order Date]],1) -> 2 | O151: {=_xlfn.IFS(orders[[#This Row],[Customer Gender]]="M","Male", orders[[#This Row],[Customer Gender]]="F","Female", orders[[#This Row],[Customer Gender]]="O","Other", TRUE(),"Unknown")} -> Female
A152: TX500151 | B152: Tote Bags | C152: 15 | D152: 23.4 | E152: 351 | F152: 45663 | G152: 45672 | H152: M | I152: App | J152: 4 | K152: California | L152: Los Angeles County | M152: =orders[[#This Row],[Ship Date]]-orders[[#This Row],[Order Date]] -> 9 | N152: =WEEKNUM(orders[[#This Row],[Order Date]],1) -> 2 | O152: {=_xlfn.IFS(orders[[#This Row],[Customer Gender]]="M","Male", orders[[#This Row],[Customer Gender]]="F","Female", orders[[#This Row],[Customer Gender]]="O","Other", TRUE(),"Unknown")} -> Male
A153: TX500152 | B153: Tank Tops | C153: 4 | D153: 57.1 | E153: 228.4 | F153: 45664 | G153: 45665 | H153: M | I153: Target.com | J153: 4 | K153: California | L153: Orange County | M153: =orders[[#This Row],[Ship Date]]-orders[[#This Row],[Order Date]] -> 1 | N153: =WEEKNUM(orders[[#This Row],[Order Date]],1) -> 2 | O153: {=_xlfn.IFS(orders[[#This Row],[Customer Gender]]="M","Male", orders[[#This Row],[Customer Gender]]="F","Female", orders[[#This Row],[Customer Gender]]="O","Other", TRUE(),"Unknown")} -> Male
A154: TX500153 | B154: Sneakers | C154: 5 | D154: 89.9 | E154: 449.5 | F154: 45664 | G154: 45664 | H154: F | I154: App | J154: 1 | K154: California | L154: Riverside County | M154: =orders[[#This Row],[Ship Date]]-orders[[#This Row],[Order Date]] -> 0 | N154: =WEEKNUM(orders[[#This Row],[Order Date]],1) -> 2 | O154: {=_xlfn.IFS(orders[[#This Row],[Customer Gender]]="M","Male", orders[[#This Row],[Customer Gender]]="F","Female", orders[[#This Row],[Customer Gender]]="O","Other", TRUE(),"Unknown")} -> Female
A155: TX500154 | B155: Bikinis | C155: 7 | D155: 48.1 | E155: 336.7 | F155: 45664 | G155: 45666 | H155: F | I155: Website | J155: 5 | K155: California | L155: Sacramento County | M155: =orders[[#This Row],[Ship Date]]-orders[[#This Row],[Order Date]] -> 2 | N155: =WEEKNUM(orders[[#This Row],[Order Date]],1) -> 2 | O155: {=_xlfn.IFS(orders[[#This Row],[Customer Gender]]="M","Male", orders[[#This Row],[Customer Gender]]="F","Female", orders[[#This Row],[Customer Gender]]="O","Other", TRUE(),"Unknown")} -> Female
A156: TX500155 | B156: T-Shirts | C156: 2 | D156: 29.3 | E156: 58.6 | F156: 45664 | G156: 45664 | H156: F | I156: Website | J156: 3 | K156: California | L156: Sacramento County | M156: =orders[[#This Row],[Ship Date]]-orders[[#This Row],[Order Date]] -> 0 | N156: =WEEKNUM(orders[[#This Row],[Order Date]],1) -> 2 | O156: {=_xlfn.IFS(orders[[#This Row],[Customer Gender]]="M","Male", orders[[#This Row],[Customer Gender]]="F","Female", orders[[#This Row],[Customer Gender]]="O","Other", TRUE(),"Unknown")} -> Female
A157: TX500156 | B157: T-Shirts | C157: 4 | D157: 28.8 | E157: 115.2 | F157: 45664 | G157: 45665 | H157: F | I157: App | J157: 2 | K157: California | L157: Sacramento County | M157: =orders[[#This Row],[Ship Date]]-orders[[#This Row],[Order Date]] -> 1 | N157: =WEEKNUM(orders[[#This Row],[Order Date]],1) -> 2 | O157: {=_xlfn.IFS(orders[[#This Row],[Customer Gender]]="M","Male", orders[[#This Row],[Customer Gender]]="F","Female", orders[[#This Row],[Customer Gender]]="O","Other", TRUE(),"Unknown")} -> Female
... A163: TX500162 | B163: Sneakers | C163: 4 | D163: 122.5 | E163: 490 | F163: 45664 | G163: 45665 | H163: M | I163: App | J163: 4 | K163: California | L163: San Diego County | M163: =orders[[#This Row],[Ship Date]]-orders[[#This Row],[Order Date]] -> 1 | N163: =WEEKNUM(orders[[#This Row],[Order Date]],1) -> 2 | O163: {=_xlfn.IFS(orders[[#This Row],[Customer Gender]]="M","Male", orders[[#This Row],[Customer Gender]]="F","Female", orders[[#This Row],[Customer Gender]]="O","Other", TRUE(),"Unknown")} -> Male
A164: TX500163 | B164: Shorts | C164: 9 | D164: 12.5 | E164: 112.5 | F164: 45664 | G164: 45665 | I164: Website | J164: 5 | K164: California | L164: San Diego County | M164: =orders[[#This Row],[Ship Date]]-orders[[#This Row],[Order Date]] -> 1 | N164: =WEEKNUM(orders[[#This Row],[Order Date]],1) -> 2 | O164: {=_xlfn.IFS(orders[[#This Row],[Customer Gender]]="M","Male", orders[[#This Row],[Customer Gender]]="F","Female", orders[[#This Row],[Customer Gender]]="O","Other", TRUE(),"Unknown")} -> Unknown
A165: TX500164 | B165: Crop Tops | C165: 8 | D165: 37.5 | E165: 300 | F165: 45664 | G165: 45665 | H165: F | I165: App | J165: 4 | K165: California | L165: San Mateo County | M165: =orders[[#This Row],[Ship Date]]-orders[[#This Row],[Order Date]] -> 1 | N165: =WEEKNUM(orders[[#This Row],[Order Date]],1) -> 2 | O165: {=_xlfn.IFS(orders[[#This Row],[Customer Gender]]="M","Male", orders[[#This Row],[Customer Gender]]="F","Female", orders[[#This Row],[Customer Gender]]="O","Other", TRUE(),"Unknown")} -> Female
A166: TX500165 | B166: Jeans | C166: 3 | D166: 40 | E166: 120 | F166: 45664 | G166: 45667 | H166: M | I166: App | J166: 2 | K166: California | L166: Santa Clara County | M166: =orders[[#This Row],[Ship Date]]-orders[[#This Row],[Order Date]] -> 3 | N166: =WEEKNUM(orders[[#This Row],[Order Date]],1) -> 2 | O166: {=_xlfn.IFS(orders[[#This Row],[Customer Gender]]="M","Male", orders[[#This Row],[Customer Gender]]="F","Female", orders[[#This Row],[Customer Gender]]="O","Other", TRUE(),"Unknown")} -> Male
A167: TX500166 | B167: Pajama Sets | C167: 8 | D167: 38.5 | E167: 308 | F167: 45664 | G167: 45669 | H167: F | I167: Target.com | J167: 3 | K167: California | L167: Santa Clara County | M167: =orders[[#This Row],[Ship Date]]-orders[[#This Row],[Order Date]] -> 5 | N167: =WEEKNUM(orders[[#This Row],[Order Date]],1) -> 2 | O167: {=_xlfn.IFS(orders[[#This Row],[Customer Gender]]="M","Male", orders[[#This Row],[Customer Gender]]="F","Female", orders[[#This Row],[Customer Gender]]="O","Other", TRUE(),"Unknown")} -> Female
A168: TX500167 | B168: Sneakers | C168: 2 | D168: 86.4 | E168: 172.8 | F168: 45664 | G168: 45666 | H168: F | I168: App | J168: 4 | K168: California | L168: Sonoma County | M168: =orders[[#This Row],[Ship Date]]-orders[[#This Row],[Order Date]] -> 2 | N168: =WEEKNUM(orders[[#This Row],[Order Date]],1) -> 2 | O168: {=_xlfn.IFS(orders[[#This Row],[Customer Gender]]="M","Male", orders[[#This Row],[Customer Gender]]="F","Female", orders[[#This Row],[Customer Gender]]="O","Other", TRUE(),"Unknown")} -> Female
A169: TX500168 | B169: Bikinis | C169: 1 | D169: 50.7 | E169: 50.7 | F169: 45664 | G169: 45668 | H169: F | I169: Website | J169: 4 | K169: California | L169: Sonoma County | M169: =orders[[#This Row],[Ship Date]]-orders[[#This Row],[Order Date]] -> 4 | N169: =WEEKNUM(orders[[#This Row],[Order Date]],1) -> 2 | O169: {=_xlfn.IFS(orders[[#This Row],[Customer Gender]]="M","Male", orders[[#This Row],[Customer Gender]]="F","Female", orders[[#This Row],[Customer Gender]]="O","Other", TRUE(),"Unknown")} -> Female
A170: TX500169 | B170: Bikinis | C170: 2 | D170: 61 | E170: 122 | F170: 45664 | G170: 45675 | H170: F | I170: Partner App | J170: 3 | K170: California | L170: Sonoma County | M170: =orders[[#This Row],[Ship Date]]-orders[[#This Row],[Order Date]] -> 11 | N170: =WEEKNUM(orders[[#This Row],[Order Date]],1) -> 2 | O170: {=_xlfn.IFS(orders[[#This Row],[Customer Gender]]="M","Male", orders[[#This Row],[Customer Gender]]="F","Female", orders[[#This Row],[Customer Gender]]="O","Other", TRUE(),"Unknown")} -> Female
A171: TX500170 | B171: Graphic Tees | C171: 2 | D171: 19.9 | E171: 39.8 | F171: 45664 | G171: 45667 | H171: F | I171: Website | J171: 4 | K171: California | L171: Yolo County | M171: =orders[[#This Row],[Ship Date]]-orders[[#This Row],[Order Date]] -> 3 | N171: =WEEKNUM(orders[[#This Row],[Order Date]],1) -> 2 | O171: {=_xlfn.IFS(orders[[#This Row],[Customer Gender]]="M","Male", orders[[#This Row],[Customer Gender]]="F","Female", orders[[#This Row],[Customer Gender]]="O","Other", TRUE(),"Unknown")} -> Female
A172: TX500171 | B172: Sandals | C172: 1 | D172: 78.3 | E172: 78.3 | F172: 45664 | G172: 45664 | H172: F | I172: App | J172: 5 | K172: California | L172: Contra Costa County | M172: =orders[[#This Row],[Ship Date]]-orders[[#This Row],[Order Date]] -> 0 | N172: =WEEKNUM(orders[[#This Row],[Order Date]],1) -> 2 | O172: {=_xlfn.IFS(orders[[#This Row],[Customer Gender]]="M","Male", orders[[#This Row],[Customer Gender]]="F","Female", orders[[#This Row],[Customer Gender]]="O","Other", TRUE(),"Unknown")} -> Female
A173: TX500172 | B173: Shorts | C173: 19 | D173: 10.4 | E173: 197.6 | F173: 45664 | G173: 45666 | H173: M | I173: App | J173: 5 | K173: California | L173: Fresno County | M173: =orders[[#This Row],[Ship Date]]-orders[[#This Row],[Order Date]] -> 2 | N173: =WEEKNUM(orders[[#This Row],[Order Date]],1) -> 2 | O173: {=_xlfn.IFS(orders[[#This Row],[Customer Gender]]="M","Male", orders[[#This Row],[Customer Gender]]="F","Female", orders[[#This Row],[Customer Gender]]="O","Other", TRUE(),"Unknown")} -> Male
A174: TX500173 | B174: Bikinis | C174: 1 | D174: 36.1 | E174: 36.1 | F174: 45664 | G174: 45667 | H174: M | I174: Instagram | J174: 5 | K174: California | L174: Los Angeles County | M174: =orders[[#This Row],[Ship Date]]-orders[[#This Row],[Order Date]] -> 3 | N174: =WEEKNUM(orders[[#This Row],[Order Date]],1) -> 2 | O174: {=_xlfn.IFS(orders[[#This Row],[Customer Gender]]="M","Male", orders[[#This Row],[Customer Gender]]="F","Female", orders[[#This Row],[Customer Gender]]="O","Other", TRUE(),"Unknown")} -> Male
A175: TX500174 | B175: Baseball Caps | C175: 2 | D175: 17.3 | E175: 34.6 | F175: 45664 | G175: 45666 | H175: F | I175: Website | J175: 5 | K175: California | L175: Los Angeles County | M175: =orders[[#This Row],[Ship Date]]-orders[[#This Row],[Order Date]] -> 2 | N175: =WEEKNUM(orders[[#This Row],[Order Date]],1) -> 2 | O175: {=_xlfn.IFS(orders[[#This Row],[Customer Gender]]="M","Male", orders[[#This Row],[Customer Gender]]="F","Female", orders[[#This Row],[Customer Gender]]="O","Other", TRUE(),"Unknown")} -> Female
A176: TX500175 | B176: Bikinis | C176: 2 | D176: 30.5 | E176: 61 | F176: 45664 | G176: 45665 | H176: F | I176: Website | J176: 5 | K176: California | L176: Los Angeles County | M176: =orders[[#This Row],[Ship Date]]-orders[[#This Row],[Order Date]] -> 1 | N176: =WEEKNUM(orders[[#This Row],[Order Date]],1) -> 2 | O176: {=_xlfn.IFS(orders[[#This Row],[Customer Gender]]="M","Male", orders[[#This Row],[Customer Gender]]="F","Female", orders[[#This Row],[Customer Gender]]="O","Other", TRUE(),"Unknown")} -> Female
... A180: TX500179 | B180: T-Shirts | C180: 5 | D180: 30.3 | E180: 151.5 | F180: 45664 | G180: 45669 | H180: F | I180: Partner App | J180: 4 | K180: California | L180: Los Angeles County | M180: =orders[[#This Row],[Ship Date]]-orders[[#This Row],[Order Date]] -> 5 | N180: =WEEKNUM(orders[[#This Row],[Order Date]],1) -> 2 | O180: {=_xlfn.IFS(orders[[#This Row],[Customer Gender]]="M","Male", orders[[#This Row],[Customer Gender]]="F","Female", orders[[#This Row],[Customer Gender]]="O","Other", TRUE(),"Unknown")} -> Female
A181: TX500180 | B181: Jeans | C181: 5 | D181: 52.5 | E181: 262.5 | F181: 45664 | G181: 45668 | I181: Instagram | J181: 4 | K181: California | L181: Los Angeles County | M181: =orders[[#This Row],[Ship Date]]-orders[[#This Row],[Order Date]] -> 4 | N181: =WEEKNUM(orders[[#This Row],[Order Date]],1) -> 2 | O181: {=_xlfn.IFS(orders[[#This Row],[Customer Gender]]="M","Male", orders[[#This Row],[Customer Gender]]="F","Female", orders[[#This Row],[Customer Gender]]="O","Other", TRUE(),"Unknown")} -> Unknown
A182: TX500181 | B182: Sundresses | C182: 11 | D182: 28.7 | E182: 315.7 | F182: 45664 | G182: 45665 | H182: F | I182: Target.com | J182: 4 | K182: California | L182: Los Angeles County | M182: =orders[[#This Row],[Ship Date]]-orders[[#This Row],[Order Date]] -> 1 | N182: =WEEKNUM(orders[[#This Row],[Order Date]],1) -> 2 | O182: {=_xlfn.IFS(orders[[#This Row],[Customer Gender]]="M","Male", orders[[#This Row],[Customer Gender]]="F","Female", orders[[#This Row],[Customer Gender]]="O","Other", TRUE(),"Unknown")} -> Female
A183: TX500182 | B183: Hoodies & Sweatshirts | C183: 7 | D183: 52 | E183: 364 | F183: 45664 | G183: 45665 | H183: M | I183: Website | J183: 2 | K183: California | L183: Los Angeles County | M183: =orders[[#This Row],[Ship Date]]-orders[[#This Row],[Order Date]] -> 1 | N183: =WEEKNUM(orders[[#This Row],[Order Date]],1) -> 2 | O183: {=_xlfn.IFS(orders[[#This Row],[Customer Gender]]="M","Male", orders[[#This Row],[Customer Gender]]="F","Female", orders[[#This Row],[Customer Gender]]="O","Other", TRUE(),"Unknown")} -> Male
A184: TX500183 | B184: Shorts | C184: 1 | D184: 13.3 | E184: 13.3 | F184: 45665 | G184: 45669 | H184: F | I184: Target.com | J184: 3 | K184: California | L184: Los Angeles County | M184: =orders[[#This Row],[Ship Date]]-orders[[#This Row],[Order Date]] -> 4 | N184: =WEEKNUM(orders[[#This Row],[Order Date]],1) -> 2 | O184: {=_xlfn.IFS(orders[[#This Row],[Customer Gender]]="M","Male", orders[[#This Row],[Customer Gender]]="F","Female", orders[[#This Row],[Customer Gender]]="O","Other", TRUE(),"Unknown")} -> Female
A185: TX500184 | B185: Shorts | C185: 3 | D185: 15.7 | E185: 47.1 | F185: 45665 | G185: 45666 | H185: F | I185: Website | J185: 4 | K185: California | L185: Mendocino County | M185: =orders[[#This Row],[Ship Date]]-orders[[#This Row],[Order Date]] -> 1 | N185: =WEEKNUM(orders[[#This Row],[Order Date]],1) -> 2 | O185: {=_xlfn.IFS(orders[[#This Row],[Customer Gender]]="M","Male", orders[[#This Row],[Customer Gender]]="F","Female", orders[[#This Row],[Customer Gender]]="O","Other", TRUE(),"Unknown")} -> Female
A186: TX500185 | B186: T-Shirts | C186: 2 | D186: 25.6 | E186: 51.2 | F186: 45665 | G186: 45666 | H186: M | I186: App | J186: 5 | K186: California | L186: Riverside County | M186: =orders[[#This Row],[Ship Date]]-orders[[#This Row],[Order Date]] -> 1 | N186: =WEEKNUM(orders[[#This Row],[Order Date]],1) -> 2 | O186: {=_xlfn.IFS(orders[[#This Row],[Customer Gender]]="M","Male", orders[[#This Row],[Customer Gender]]="F","Female", orders[[#This Row],[Customer Gender]]="O","Other", TRUE(),"Unknown")} -> Male
A187: TX500186 | B187: T-Shirts | C187: 1 | D187: 43.4 | E187: 43.4 | F187: 45665 | G187: 45670 | H187: M | I187: App | J187: 4 | K187: California | L187: Sacramento County | M187: =orders[[#This Row],[Ship Date]]-orders[[#This Row],[Order Date]] -> 5 | N187: =WEEKNUM(orders[[#This Row],[Order Date]],1) -> 2 | O187: {=_xlfn.IFS(orders[[#This Row],[Customer Gender]]="M","Male", orders[[#This Row],[Customer Gender]]="F","Female", orders[[#This Row],[Customer Gender]]="O","Other", TRUE(),"Unknown")} -> Male
A188: TX500187 | B188: Maxi Dresses | C188: 9 | D188: 33.4 | E188: 300.6 | F188: 45665 | G188: 45665 | H188: F | I188: App | J188: 4 | K188: California | L188: San Diego County | M188: =orders[[#This Row],[Ship Date]]-orders[[#This Row],[Order Date]] -> 0 | N188: =WEEKNUM(orders[[#This Row],[Order Date]],1) -> 2 | O188: {=_xlfn.IFS(orders[[#This Row],[Customer Gender]]="M","Male", orders[[#This Row],[Customer Gender]]="F","Female", orders[[#This Row],[Customer Gender]]="O","Other", TRUE(),"Unknown")} -> Female
A189: TX500188 | B189: T-Shirts | C189: 19 | D189: 55 | E189: 1045 | F189: 45665 | G189: 45666 | H189: F | I189: Website | J189: 5 | K189: California | L189: San Diego County | M189: =orders[[#This Row],[Ship Date]]-orders[[#This Row],[Order Date]] -> 1 | N189: =WEEKNUM(orders[[#This Row],[Order Date]],1) -> 2 | O189: {=_xlfn.IFS(orders[[#This Row],[Customer Gender]]="M","Male", orders[[#This Row],[Customer Gender]]="F","Female", orders[[#This Row],[Customer Gender]]="O","Other", TRUE(),"Unknown")} -> Female
...

Sheet Questions & KPIs
B2: KPIs
B3: Total Orders
B4: Total Quantity
B5: Total Amount
B6: Avg. Rating
B7: Avg. Days to Deliver
B10: Questions
B11: Trend in the last 13 weeks
B12: How our customers like to buy
B13: How many they buy?
B14: Which products are popular?
B15: Overall gender split
... B18: How happy are our customers?
